,accuracy,precision,recall,f1,roc_auc,n_neighbors,p,weights
544,0.9230434782608696,0.9795238095238096,0.8069852941176471,0.8836463133640553,0.983250325992466,38,7,uniform
572,0.9252657004830918,0.9795238095238096,0.8132352941176471,0.8875872000635626,0.9846276441611128,40,7,uniform
558,0.927487922705314,0.9795238095238096,0.8191176470588235,0.8910146194184012,0.9843233845262244,39,7,uniform
516,0.927487922705314,0.9795238095238096,0.8191176470588235,0.8910146194184014,0.9828328745291222,36,7,uniform
488,0.927487922705314,0.9795238095238096,0.8191176470588235,0.8910146194184014,0.9830483917705012,34,7,uniform
530,0.927487922705314,0.9795238095238096,0.8191176470588235,0.8910146194184014,0.9834631266299624,37,7,uniform
542,0.927487922705314,0.9799404761904762,0.8194852941176471,0.8910146194184014,0.9838787670240507,38,6,uniform
502,0.9296618357487922,0.9795238095238096,0.825,0.8946705333968961,0.9829342944074184,35,7,uniform
559,0.9297101449275365,0.9795238095238096,0.8253676470588236,0.8949555061179086,0.985163720660678,39,7,distance
573,0.9297101449275365,0.9795238095238096,0.8253676470588236,0.8949555061179086,0.985163720660678,40,7,distance
514,0.9297101449275365,0.9799404761904762,0.8257352941176471,0.8949555061179086,0.9838742393509128,36,6,uniform
531,0.9297101449275365,0.98,0.8253676470588236,0.8946705333968961,0.985138365691104,37,7,distance
570,0.9297101449275365,0.9870833333333332,0.8194852941176471,0.8940031251655277,0.9844039771080848,40,6,uniform
528,0.9319323671497586,0.9799404761904762,0.8316176470588236,0.8983829254727475,0.9835663575775138,37,6,uniform
500,0.9319323671497586,0.9799404761904762,0.8316176470588236,0.8983829254727475,0.9839982975949,35,6,uniform
529,0.9319323671497586,0.9799404761904762,0.8316176470588236,0.8983829254727475,0.9849264705882352,37,6,distance
545,0.9319323671497586,0.98,0.8316176470588236,0.8986114200964034,0.984522602144306,38,7,distance
460,0.9340579710144928,0.98,0.8371323529411765,0.9017538667302294,0.9838887279049552,32,7,uniform
503,0.9340579710144928,0.98,0.8371323529411765,0.9017538667302294,0.9840879455230368,35,7,distance
456,0.9341062801932368,0.9799404761904762,0.8375,0.901810344827586,0.9863146551724136,32,5,uniform
556,0.9341062801932368,0.9799404761904762,0.8375,0.9020388394512422,0.9836723051289482,39,6,uniform
512,0.9341062801932368,0.9799404761904762,0.8375,0.9020388394512422,0.9847127644161112,36,5,uniform
557,0.9341062801932368,0.9799404761904762,0.8375,0.9020388394512422,0.9853538829324832,39,6,distance
498,0.9341062801932368,0.9799404761904762,0.8375,0.9020388394512422,0.985644559547957,35,5,uniform
458,0.9341062801932368,0.98,0.8375,0.902038839451242,0.9854806577803534,32,6,uniform
571,0.9341062801932368,0.9803571428571428,0.8375,0.9017920163818384,0.9857740509997104,40,6,distance
517,0.9341062801932368,0.9804166666666668,0.8375,0.9015253721065736,0.9838851057664446,36,7,distance
430,0.9341545893719808,0.9799404761904762,0.8378676470588236,0.9018372265480163,0.985983229498696,30,6,uniform
486,0.9341545893719808,0.9870833333333332,0.8316176470588236,0.9013714312198738,0.9844139379889888,34,6,uniform
484,0.9341545893719808,0.9870833333333332,0.8316176470588236,0.9013714312198738,0.9864912344248044,34,5,uniform
543,0.936280193236715,0.9803571428571428,0.8433823529411765,0.9052194357366772,0.9853538829324832,38,6,distance
554,0.936280193236715,0.9803571428571428,0.8433823529411765,0.905447930360333,0.9848313894523328,39,5,uniform
180,0.936280193236715,0.9803571428571428,0.8433823529411765,0.9063047325310952,0.985278723558389,12,7,uniform
474,0.936280193236715,0.9804166666666668,0.8433823529411765,0.905181286085068,0.9833771008403362,33,7,uniform
475,0.936280193236715,0.9804166666666668,0.8433823529411765,0.905181286085068,0.9842998406259056,33,7,distance
489,0.936280193236715,0.9808333333333332,0.8433823529411765,0.9049344630156644,0.9836695885250653,34,7,distance
472,0.9363285024154588,0.9804166666666668,0.84375,0.9054662588060808,0.984525318748189,33,6,uniform
501,0.9363285024154588,0.9804166666666668,0.84375,0.9054662588060808,0.9853593161402492,35,6,distance
473,0.9363285024154588,0.9804166666666668,0.84375,0.9054662588060808,0.9862032744132136,33,6,distance
487,0.9363285024154588,0.9804166666666668,0.84375,0.9054662588060808,0.986406114169806,34,6,distance
459,0.9363285024154588,0.9804166666666668,0.84375,0.9054662588060808,0.987029121993625,32,6,distance
485,0.9363285024154588,0.9804166666666668,0.84375,0.9054662588060808,0.9878585917125472,34,5,distance
540,0.9363285024154588,0.9870833333333332,0.8375,0.9050273451983684,0.9842898797450016,38,5,uniform
236,0.9383574879227052,0.9795238095238096,0.8488970588235294,0.908706728014292,0.98201879889887,16,7,uniform
526,0.9384541062801932,0.9803571428571428,0.8492647058823529,0.9088753497151718,0.9843912996232976,37,5,uniform
527,0.9384541062801932,0.9803571428571428,0.8492647058823529,0.9088753497151718,0.985752318168647,37,5,distance
541,0.9384541062801932,0.9803571428571428,0.8492647058823529,0.9088753497151718,0.985967835410026,38,5,distance
555,0.9384541062801932,0.9803571428571428,0.8492647058823529,0.9088753497151718,0.9859823239640684,39,5,distance
513,0.9384541062801932,0.9803571428571428,0.8492647058823529,0.9088753497151718,0.98640068096204,36,5,distance
569,0.9384541062801932,0.9803571428571428,0.8492647058823529,0.9088753497151718,0.9866252535496958,40,5,distance
68,0.9384541062801932,0.9866071428571428,0.8433823529411765,0.908209398128753,0.9820568313532309,4,7,uniform
446,0.9385024154589372,0.9745833333333334,0.8555147058823529,0.9101265716115547,0.9841024340770792,31,7,uniform
447,0.9385024154589372,0.9745833333333334,0.8555147058823529,0.9101265716115547,0.9859714575485368,31,7,distance
432,0.9385024154589372,0.9799404761904762,0.8496323529411764,0.9091490545050056,0.9846484714575484,30,7,uniform
178,0.9385024154589372,0.9803571428571428,0.8496323529411764,0.9097455927461487,0.9858138945233264,12,6,uniform
457,0.9385024154589372,0.9804166666666668,0.8496323529411764,0.9086859557757778,0.9868317154447986,32,5,distance
320,0.9385024154589372,0.9804166666666668,0.8496323529411764,0.9091221727845754,0.9856690089829035,22,7,uniform
470,0.9385024154589372,0.9804166666666668,0.8496323529411764,0.9091221727845754,0.9867004129237902,33,5,uniform
499,0.9385024154589372,0.9804166666666668,0.8496323529411764,0.9091221727845754,0.9872247174731962,35,5,distance
471,0.9385024154589372,0.9804166666666668,0.8496323529411764,0.9091221727845754,0.9874529121993624,33,5,distance
515,0.9385024154589372,0.9808333333333332,0.8496323529411764,0.9088753497151718,0.9853393943784412,36,6,distance
431,0.9385024154589372,0.9808333333333332,0.8496323529411764,0.9088753497151718,0.9870363662706464,30,6,distance
568,0.9385024154589372,0.9875,0.8433823529411765,0.9084364361074592,0.9850487177629674,40,5,uniform
444,0.9385507246376812,0.9808333333333332,0.85,0.9088936781609196,0.9856807809330628,31,6,uniform
445,0.9385507246376812,0.9808333333333332,0.85,0.9088936781609196,0.9868262822370326,31,6,distance
40,0.938647342995169,0.9928571428571428,0.8378676470588236,0.9071495926209496,0.9714023109243698,2,7,uniform
194,0.9405314009661836,0.962857142857143,0.8727941176470588,0.9142355382844816,0.9842101926977688,13,7,uniform
195,0.9405314009661836,0.962857142857143,0.8727941176470588,0.9142355382844816,0.9853756157635468,13,7,distance
204,0.9405797101449276,0.9795238095238096,0.8551470588235294,0.9123848889338324,0.9848657997681832,14,5,uniform
208,0.9405797101449276,0.9799404761904762,0.8551470588235294,0.9125742828732262,0.9838860113010724,14,7,uniform
316,0.9405797101449276,0.98,0.8547794117647058,0.9120568970332597,0.9848974934801508,22,5,uniform
264,0.9405797101449276,0.98,0.8551470588235294,0.9123626419927864,0.982598341060562,18,7,uniform
96,0.9406280193236716,0.9742929864253396,0.8610294117647058,0.9121187577063388,0.982374674007534,6,7,uniform
426,0.9406280193236716,0.9799404761904762,0.8551470588235294,0.9123418697542724,0.988304114749348,30,4,uniform
66,0.9406280193236716,0.9866071428571428,0.8492647058823529,0.9118653121072476,0.9805735656331496,4,6,uniform
110,0.9406763285024156,0.9636904761904764,0.8735294117647058,0.9144224884311092,0.9826119240799768,7,7,uniform
111,0.9406763285024156,0.9636904761904764,0.8735294117647058,0.9144224884311092,0.9851456099681252,7,7,distance
124,0.9406763285024156,0.97484243697479,0.8617647058823529,0.913320574058322,0.9825503477252968,8,7,uniform
176,0.9406763285024156,0.9803571428571428,0.8555147058823529,0.912965289715846,0.9854915241958851,12,5,uniform
376,0.9406763285024156,0.9804166666666668,0.8555147058823529,0.91277808676307,0.9855847942625324,26,7,uniform
390,0.9406763285024156,0.9804166666666668,0.8555147058823529,0.91277808676307,0.9860982323964068,27,7,uniform
404,0.9406763285024156,0.9804166666666668,0.8555147058823529,0.91277808676307,0.9863037887568818,28,7,uniform
391,0.9406763285024156,0.9804166666666668,0.8555147058823529,0.91277808676307,0.9872337728194726,27,7,distance
402,0.9406763285024156,0.9804166666666668,0.8555147058823529,0.9127780867630702,0.9869485294117648,28,6,uniform
374,0.9407246376811594,0.9803571428571428,0.8558823529411764,0.9123479792361884,0.98713869168357,26,6,uniform
152,0.9407246376811594,0.9803571428571428,0.8558823529411764,0.9129579583375468,0.984865799768183,10,7,uniform
428,0.9407246376811594,0.9808333333333332,0.8558823529411764,0.9125495921394142,0.9862458345407128,30,5,uniform
442,0.9407246376811594,0.9808333333333332,0.8558823529411764,0.9125495921394142,0.9866324978267168,31,5,uniform
443,0.9407246376811594,0.9808333333333332,0.8558823529411764,0.9125495921394142,0.9872573167197912,31,5,distance
248,0.942705314009662,0.9732738095238096,0.8669117647058823,0.9162106465095896,0.9828301579252392,17,6,uniform
249,0.942705314009662,0.9732738095238096,0.8669117647058823,0.9162106465095896,0.984379527673138,17,6,distance
235,0.9427536231884058,0.9677591036414568,0.8727941176470588,0.9169642690729848,0.9850134019124892,16,6,distance
220,0.9427536231884058,0.9744257703081234,0.8669117647058823,0.916547602406318,0.9840127861489424,15,6,uniform
206,0.9427536231884058,0.9744257703081234,0.8669117647058823,0.916547602406318,0.9846403216459,14,6,uniform
221,0.9427536231884058,0.9744257703081234,0.8669117647058823,0.916547602406318,0.9847344972471748,15,6,distance
262,0.9427536231884058,0.9804166666666668,0.8610294117647058,0.9157717329018776,0.9842772022602144,18,6,uniform
344,0.9428019323671496,0.98,0.8610294117647058,0.915997783732767,0.9862757171834252,24,5,uniform
292,0.9428019323671496,0.9804166666666668,0.8610294117647058,0.9157509606633634,0.9850423790205738,20,7,uniform
234,0.9428019323671496,0.9870833333333332,0.8551470588235294,0.9151265716115548,0.98357541292379,16,6,uniform
122,0.9428502415458936,0.97484243697479,0.8676470588235293,0.9165402710280188,0.9826436177919442,8,6,uniform
334,0.9428502415458936,0.9753186274509804,0.8672794117647058,0.9169408002355558,0.985668103448276,23,7,uniform
348,0.9428502415458936,0.9804166666666668,0.8613970588235293,0.9162055061179089,0.9863870979426252,24,7,uniform
403,0.9428502415458936,0.9804166666666668,0.8613970588235293,0.9162055061179089,0.9878748913358446,28,6,distance
461,0.9428502415458936,0.9808333333333332,0.8613970588235293,0.916187177672161,0.9857541292379022,32,7,distance
433,0.9428502415458936,0.9808333333333332,0.8613970588235293,0.916187177672161,0.9864097363083164,30,7,distance
538,0.9428502415458936,0.9875,0.8551470588235294,0.9150835524319952,0.9853747102289192,38,4,uniform
138,0.9428502415458938,0.9577924590888988,0.8852941176470589,0.9180004264657964,0.9838588452622428,9,7,uniform
139,0.9428502415458938,0.9577924590888988,0.8852941176470589,0.9180004264657964,0.9856382208055636,9,7,distance
306,0.9428502415458938,0.9753186274509804,0.8672794117647058,0.916504583226758,0.9858057447116778,21,7,uniform
307,0.9428502415458938,0.9753186274509804,0.8672794117647058,0.916504583226758,0.985828383077369,21,7,distance
318,0.9428502415458938,0.9804166666666668,0.8613970588235293,0.9157692891091112,0.9845823674297304,22,6,uniform
148,0.9428985507246376,0.9741071428571428,0.8676470588235293,0.9165808811136956,0.9852216748768472,10,5,uniform
416,0.9428985507246376,0.9808333333333332,0.8617647058823529,0.9162055061179089,0.9862911112720948,29,6,uniform
417,0.9428985507246376,0.9808333333333332,0.8617647058823529,0.9162055061179089,0.9876648073022312,29,6,distance
250,0.94487922705314,0.9732738095238096,0.8727941176470588,0.9194303434792868,0.982519559547957,17,7,uniform
251,0.94487922705314,0.9732738095238096,0.8727941176470588,0.9194303434792868,0.9839611706751664,17,7,distance
209,0.944975845410628,0.9632738095238096,0.8849264705882354,0.9210903769941592,0.9854697913648218,14,7,distance
192,0.944975845410628,0.9699404761904764,0.8790441176470589,0.9206737103274923,0.98567806432918,13,6,uniform
193,0.944975845410628,0.9699404761904764,0.8790441176470589,0.9206737103274923,0.9864151695160824,13,6,distance
260,0.944975845410628,0.9870833333333332,0.8610294117647058,0.9185539909663936,0.9848196175021732,18,5,uniform
132,0.945024154589372,0.9689600840336136,0.8794117647058822,0.9209609483898727,0.9817190669371196,9,4,uniform
133,0.945024154589372,0.9689600840336136,0.8794117647058822,0.9209609483898727,0.9823529411764704,9,4,distance
205,0.945024154589372,0.9699404761904764,0.8790441176470589,0.920881432712634,0.986090988119386,14,5,distance
146,0.945024154589372,0.9741071428571428,0.8735294117647058,0.9200290727070484,0.9828337800637496,10,4,uniform
94,0.945024154589372,0.9742929864253396,0.8731617647058822,0.9197155583843408,0.9832530425963488,6,6,uniform
335,0.945024154589372,0.9753186274509804,0.8731617647058822,0.9201604972052528,0.98618154158215,23,7,distance
118,0.945024154589372,0.9799404761904762,0.8676470588235293,0.9194608908888664,0.9810734207476092,8,4,uniform
346,0.945024154589372,0.9804166666666668,0.8672794117647058,0.9194252030876056,0.9867302955665024,24,6,uniform
330,0.945024154589372,0.9804166666666668,0.8672794117647058,0.9194252030876056,0.98680817154448,23,5,uniform
290,0.945024154589372,0.9808333333333332,0.8672794117647058,0.9189706576330602,0.984145899739206,20,6,uniform
64,0.945024154589372,0.9866071428571428,0.8613970588235293,0.919025895776452,0.9815116995073888,4,5,uniform
232,0.945024154589372,0.9933333333333334,0.8551470588235294,0.9183841473691304,0.9848458780063748,16,5,uniform
440,0.9450724637681158,0.9804166666666668,0.8672794117647058,0.919217480702464,0.987698312083454,31,4,uniform
414,0.9450724637681158,0.9808333333333332,0.8676470588235293,0.9194252030876058,0.9865573384526224,29,5,uniform
415,0.9450724637681158,0.9808333333333332,0.8676470588235293,0.9194252030876058,0.986866125760649,29,5,distance
400,0.9450724637681158,0.9808333333333332,0.8676470588235293,0.9194252030876058,0.9868724645030426,28,5,uniform
328,0.9450724637681158,0.9808333333333332,0.8676470588235293,0.9194252030876058,0.9875570486815416,23,4,uniform
418,0.9450724637681158,0.9808333333333332,0.8676470588235293,0.9196329254727476,0.985260612865836,29,7,uniform
362,0.9450724637681158,0.9808333333333332,0.8676470588235293,0.9196329254727476,0.9856771587945524,25,7,uniform
363,0.9450724637681158,0.9808333333333332,0.8676470588235293,0.9196329254727476,0.9863970588235292,25,7,distance
419,0.9450724637681158,0.9808333333333332,0.8676470588235293,0.9196329254727476,0.9870182555780932,29,7,distance
388,0.9450724637681158,0.9808333333333332,0.8676470588235293,0.9196329254727476,0.9875697261663284,27,6,uniform
389,0.9450724637681158,0.9808333333333332,0.8676470588235293,0.9196329254727476,0.9885087655751956,27,6,distance
454,0.9450724637681158,0.9870833333333332,0.8610294117647058,0.9185500724710958,0.9874855114459576,32,4,uniform
314,0.9450724637681158,0.9870833333333332,0.8613970588235293,0.9190085364209388,0.9871232975949,22,4,uniform
398,0.9450724637681158,0.9870833333333332,0.8613970588235293,0.9190085364209388,0.9892630759200232,28,4,uniform
566,0.9450724637681158,0.9875,0.8610294117647058,0.918303249401692,0.9857007026948712,40,4,uniform
552,0.9450724637681158,0.9875,0.8610294117647058,0.918303249401692,0.98589720370907,39,4,uniform
567,0.9450724637681158,0.9875,0.8610294117647058,0.918303249401692,0.9872482613735148,40,4,distance
553,0.9450724637681158,0.9875,0.8610294117647058,0.918303249401692,0.987463778614894,39,4,distance
536,0.9450724637681158,0.9875,0.8613970588235293,0.9189902079751912,0.9871785352071862,38,3,uniform
550,0.9450724637681158,0.9875,0.8613970588235293,0.9189902079751912,0.9872826716893652,39,3,uniform
564,0.9450724637681158,0.9875,0.8613970588235293,0.9189902079751912,0.9875072442770212,40,3,uniform
562,0.9450724637681158,0.9875,0.8613970588235293,0.9189902079751912,0.9882045059403072,40,2,uniform
12,0.94512077294686,0.941125792422232,0.9102941176470588,0.9230336196062,0.9379056795131844,1,7,uniform
13,0.94512077294686,0.941125792422232,0.9102941176470588,0.9230336196062,0.9379056795131844,1,7,distance
26,0.94512077294686,0.941125792422232,0.9102941176470588,0.9230336196062,0.9379056795131844,1,7,uniform
27,0.94512077294686,0.941125792422232,0.9102941176470588,0.9230336196062,0.9379056795131844,1,7,distance
41,0.94512077294686,0.941125792422232,0.9102941176470588,0.9230336196062,0.9728665604172704,2,7,distance
150,0.94512077294686,0.9803571428571428,0.8676470588235293,0.9196050746620824,0.9844094103158504,10,6,uniform
429,0.94512077294686,0.9808333333333332,0.8676470588235293,0.918988986078808,0.9860402781802377,30,5,distance
38,0.9451690821256038,1.0,0.8496323529411764,0.9175092515011868,0.9669525137641264,2,6,uniform
265,0.9471014492753624,0.9732738095238096,0.8786764705882353,0.9228577628341256,0.9835482468849608,18,7,distance
263,0.9471014492753624,0.9732738095238096,0.8786764705882353,0.9228577628341256,0.9850025354969574,18,6,distance
222,0.9471014492753624,0.9736904761904762,0.8790441176470589,0.9228577628341256,0.9825385757751376,15,7,uniform
223,0.9471014492753624,0.9736904761904762,0.8790441176470589,0.9228577628341256,0.98420204288612,15,7,distance
237,0.9471497584541062,0.9681757703081232,0.8849264705882354,0.9236113853975204,0.9839992031295278,16,7,distance
293,0.9471497584541064,0.9736904761904762,0.8790441176470589,0.9230654852192672,0.9855911330049262,20,7,distance
288,0.9471497584541064,0.9804166666666668,0.8727941176470587,0.9226265716115548,0.9849898580121704,20,5,uniform
246,0.9471497584541064,0.9870833333333332,0.8669117647058823,0.9222099049448882,0.984199326282237,17,5,uniform
247,0.9471497584541064,0.9870833333333332,0.8669117647058823,0.9222099049448882,0.9851148217907852,17,5,distance
108,0.9471980676328504,0.9645676691729322,0.8911764705882353,0.924472702553904,0.9836831715444798,7,6,uniform
109,0.9471980676328504,0.9645676691729322,0.8911764705882353,0.924472702553904,0.9857668067226892,7,6,distance
207,0.9471980676328504,0.9699404761904764,0.8849264705882354,0.9241011296823312,0.9857740509997102,14,6,distance
218,0.9471980676328504,0.9752100840336136,0.8794117647058822,0.9231947187308538,0.984443820631701,15,5,uniform
120,0.9471980676328504,0.9803571428571428,0.8735294117647058,0.9228699817979574,0.9818748188930744,8,5,uniform
331,0.9471980676328504,0.9804166666666668,0.8731617647058822,0.9226449000573028,0.9871214865256448,23,5,distance
304,0.9471980676328504,0.9808333333333332,0.8731617647058822,0.922398076987899,0.983838017965807,21,6,uniform
305,0.9471980676328504,0.9808333333333332,0.8731617647058822,0.922398076987899,0.9847761518400464,21,6,distance
321,0.9471980676328504,0.9808333333333332,0.8731617647058822,0.9228342939966966,0.9864043031005506,22,7,distance
202,0.9471980676328504,0.9866071428571428,0.8672794117647058,0.9222455927461488,0.9858935815705592,14,4,uniform
125,0.9472463768115942,0.9633636788048554,0.8911764705882353,0.924160335182713,0.9849608809040856,8,7,distance
82,0.9472463768115942,0.9681757703081232,0.8856617647058822,0.9242910125927204,0.9804965951898,5,7,uniform
83,0.9472463768115942,0.9681757703081232,0.8856617647058822,0.9242910125927204,0.984058968414952,5,7,distance
136,0.9472463768115942,0.9708176691729322,0.8852941176470589,0.9238409821237964,0.9844528759779774,9,6,uniform
137,0.9472463768115942,0.9708176691729322,0.8852941176470589,0.9238409821237964,0.9856327875977978,9,6,distance
181,0.9472463768115942,0.9708176691729322,0.8852941176470589,0.9242771991325942,0.986225007244277,12,7,distance
162,0.9472463768115942,0.9741071428571428,0.8794117647058822,0.9234564920618872,0.9840852289191538,11,5,uniform
163,0.9472463768115942,0.9741071428571428,0.8794117647058822,0.9234564920618872,0.9855856997971604,11,5,distance
233,0.9472463768115942,0.9744257703081234,0.8790441176470587,0.9232081595910688,0.9859515357867285,16,5,distance
166,0.9472463768115942,0.97484243697479,0.8794117647058822,0.9236236043613524,0.9843251955954796,11,7,uniform
167,0.9472463768115942,0.97484243697479,0.8794117647058822,0.9236236043613524,0.9857939727615184,11,7,distance
92,0.9472463768115942,0.9805429864253394,0.8731617647058822,0.922532029547586,0.9815778035352072,6,5,uniform
455,0.9472463768115942,0.9808333333333332,0.8731617647058822,0.9226265716115548,0.9883131700956244,32,4,distance
427,0.9472463768115942,0.9808333333333332,0.8731617647058822,0.9226265716115548,0.9887260938858302,30,4,distance
412,0.9472463768115942,0.9808333333333332,0.8731617647058822,0.9226265716115548,0.9890403144016228,29,4,uniform
375,0.9472463768115942,0.9808333333333332,0.8735294117647058,0.9228526224424444,0.9878748913358446,26,6,distance
377,0.9472463768115942,0.9808333333333332,0.8735294117647058,0.923060344827586,0.986828093306288,26,7,distance
405,0.9472463768115942,0.9808333333333332,0.8735294117647058,0.923060344827586,0.9880704868154158,28,7,distance
349,0.9472463768115942,0.98125,0.8735294117647058,0.9230420163818384,0.9872084178498984,24,7,distance
524,0.9472463768115942,0.9875,0.8669117647058823,0.9219591633801868,0.9861072877426832,37,4,uniform
539,0.9472463768115942,0.9875,0.8669117647058823,0.9219591633801868,0.986420602723848,38,4,distance
510,0.9472463768115942,0.9875,0.8669117647058823,0.9219591633801868,0.9866180092726748,36,4,uniform
468,0.9472463768115942,0.9875,0.8669117647058823,0.9219591633801868,0.9867465951898,33,4,uniform
482,0.9472463768115942,0.9875,0.8669117647058823,0.9219591633801868,0.986840770791075,34,4,uniform
525,0.9472463768115942,0.9875,0.8669117647058823,0.9219591633801868,0.9870490437554332,37,4,distance
469,0.9472463768115942,0.9875,0.8669117647058823,0.9219591633801868,0.9883131700956244,33,4,distance
522,0.9472463768115942,0.9875,0.8672794117647058,0.92241762733003,0.9876892567371776,37,3,uniform
494,0.9472463768115942,0.9875,0.8672794117647058,0.92241762733003,0.9880134381338742,35,3,uniform
480,0.9472463768115942,0.9875,0.8672794117647058,0.92241762733003,0.9881148580121704,34,3,uniform
508,0.9472463768115942,0.9875,0.8672794117647058,0.92241762733003,0.9882162778904664,36,3,uniform
537,0.9472463768115942,0.9875,0.8672794117647058,0.92241762733003,0.9883004926108374,38,3,distance
551,0.9472463768115942,0.9875,0.8672794117647058,0.92241762733003,0.9883059258186032,39,3,distance
565,0.9472463768115942,0.9875,0.8672794117647058,0.92241762733003,0.9883186033033904,40,3,distance
563,0.9472463768115942,0.9875,0.8672794117647058,0.92241762733003,0.9885033323674298,40,2,distance
523,0.9472463768115942,0.9875,0.8672794117647058,0.92241762733003,0.9885105766444507,37,3,distance
509,0.9472463768115942,0.9875,0.8672794117647058,0.92241762733003,0.9889361779194434,36,3,distance
466,0.9472463768115942,0.9875,0.8672794117647058,0.92241762733003,0.9889579107505072,33,3,uniform
452,0.9472463768115942,0.9875,0.8672794117647058,0.92241762733003,0.9894858374384234,32,3,uniform
453,0.9472463768115942,0.9875,0.8672794117647058,0.92241762733003,0.9895881628513472,32,3,distance
410,0.9472463768115942,0.9875,0.8672794117647058,0.92241762733003,0.9900092364532018,29,3,uniform
424,0.9472463768115942,0.9875,0.8672794117647058,0.92241762733003,0.9900155751955956,30,3,uniform
438,0.9472463768115942,0.9875,0.8672794117647058,0.92241762733003,0.9900182917994784,31,3,uniform
425,0.9472463768115942,0.9875,0.8672794117647058,0.92241762733003,0.9902220370906984,30,3,distance
396,0.9472463768115942,0.9875,0.8672794117647058,0.92241762733003,0.9905326354679802,28,3,uniform
153,0.947294685990338,0.971185316231756,0.8852941176470589,0.9244493427701076,0.9858265720081136,10,7,distance
372,0.947294685990338,0.9807247899159665,0.8738970588235293,0.9224432871540768,0.9878124094465374,26,5,uniform
441,0.947294685990338,0.9808333333333332,0.8735294117647058,0.9226449000573028,0.988535931614025,31,4,distance
342,0.947294685990338,0.9870833333333332,0.8676470588235293,0.9224493966359928,0.9876457910750508,24,4,uniform
370,0.947294685990338,0.9870833333333332,0.8676470588235293,0.9224493966359928,0.9896859605911328,26,4,uniform
36,0.9473429951690822,0.9933333333333334,0.8617647058823529,0.9215952730065634,0.9636183352651404,2,5,uniform
302,0.9493236714975846,0.9804166666666668,0.8786764705882353,0.9260539909663936,0.984777057374674,21,5,uniform
303,0.9493236714975846,0.9804166666666668,0.8786764705882353,0.9260539909663936,0.9860366560417272,21,5,distance
219,0.9493719806763286,0.9752100840336136,0.8852941176470589,0.9266221380856924,0.9853430165169516,15,5,distance
274,0.9493719806763286,0.9808333333333332,0.8790441176470587,0.9260539909663936,0.9838742393509128,19,5,uniform
275,0.9493719806763286,0.9808333333333332,0.8790441176470587,0.9260539909663936,0.9850097797739784,19,5,distance
289,0.9493719806763286,0.9808333333333332,0.8790441176470587,0.9260539909663936,0.9856182990437552,20,5,distance
345,0.9493719806763286,0.9808333333333332,0.8790441176470587,0.9262617133515354,0.9869059692842654,24,5,distance
276,0.9493719806763286,0.9808333333333332,0.8790441176470589,0.9260539909663936,0.9842545638945231,19,6,uniform
291,0.9493719806763286,0.9808333333333332,0.8790441176470589,0.9260539909663936,0.9850025354969574,20,6,distance
278,0.9493719806763286,0.9808333333333332,0.8790441176470589,0.9260539909663936,0.985372899159664,19,7,uniform
279,0.9493719806763286,0.9808333333333332,0.8790441176470589,0.9260539909663936,0.985408215010142,19,7,distance
174,0.9493719806763286,0.9869747899159664,0.8731617647058822,0.9254541488958816,0.9871069979716024,12,4,uniform
261,0.9493719806763286,0.9870833333333332,0.8727941176470587,0.925637324299727,0.9855241234424804,18,5,distance
106,0.9494202898550724,0.9645676691729322,0.8970588235294118,0.9276923995236008,0.9824896769052448,7,5,uniform
107,0.9494202898550724,0.9645676691729322,0.8970588235294118,0.9276923995236008,0.9838144740654884,7,5,distance
134,0.9494202898550724,0.9708176691729322,0.8911764705882353,0.927496896102291,0.985889053897421,9,5,uniform
151,0.9494202898550724,0.9708176691729322,0.8911764705882353,0.927496896102291,0.9864423355549116,10,6,distance
179,0.9494202898550724,0.9708176691729322,0.8911764705882353,0.927496896102291,0.9865419443639524,12,6,distance
135,0.9494202898550724,0.9708176691729322,0.8911764705882353,0.927496896102291,0.9869639235004346,9,5,distance
329,0.9494202898550724,0.9808333333333332,0.8794117647058822,0.9260723194121414,0.9876648073022312,23,4,distance
332,0.9494202898550724,0.9808333333333332,0.8794117647058822,0.9262800417972832,0.9845850840336136,23,6,uniform
347,0.9494202898550724,0.9808333333333332,0.8794117647058822,0.9262800417972832,0.9870635323094756,24,6,distance
360,0.9494202898550724,0.9808333333333332,0.8794117647058822,0.9262800417972832,0.9872437337003768,25,6,uniform
361,0.9494202898550724,0.9808333333333332,0.8794117647058822,0.9262800417972832,0.988090408577224,25,6,distance
401,0.9494202898550724,0.98125,0.8794117647058822,0.9262617133515354,0.9868806143146914,28,5,distance
481,0.9494202898550724,0.9875,0.8731617647058822,0.9256373242997268,0.9887460156476384,34,3,distance
495,0.9494202898550724,0.9875,0.8731617647058822,0.9256373242997268,0.9889361779194434,35,3,distance
467,0.9494202898550724,0.9875,0.8731617647058822,0.9256373242997268,0.9893798898869892,33,3,distance
439,0.9494202898550724,0.9875,0.8731617647058822,0.9256373242997268,0.990019197334106,31,3,distance
230,0.9494202898550724,0.9933333333333334,0.8672794117647058,0.925252426939023,0.9856581425673716,16,4,uniform
10,0.9494685990338164,0.941125792422232,0.9220588235294118,0.929680735930736,0.9437880324543608,1,6,uniform
11,0.9494685990338164,0.941125792422232,0.9220588235294118,0.929680735930736,0.9437880324543608,1,6,distance
24,0.9494685990338164,0.941125792422232,0.9220588235294118,0.929680735930736,0.9437880324543608,1,6,uniform
25,0.9494685990338164,0.941125792422232,0.9220588235294118,0.929680735930736,0.9437880324543608,1,6,distance
39,0.9494685990338164,0.941125792422232,0.9220588235294118,0.929680735930736,0.9684357794842076,2,6,distance
164,0.9494685990338164,0.9803571428571428,0.8794117647058822,0.926480685610274,0.9841096783541003,11,6,uniform
165,0.9494685990338164,0.9803571428571428,0.8794117647058822,0.926480685610274,0.9850586786438712,11,6,distance
357,0.9494685990338164,0.9812009803921568,0.8797794117647058,0.9260723194121412,0.9895881628513472,25,4,distance
356,0.9494685990338164,0.9812009803921568,0.8797794117647058,0.9260723194121412,0.9897910026079396,25,4,uniform
413,0.9494685990338164,0.98125,0.8794117647058822,0.9260539909663936,0.9889361779194435,29,4,distance
496,0.9494685990338164,0.9875,0.8731617647058822,0.9256373242997268,0.9866343088959724,35,4,uniform
511,0.9494685990338164,0.9875,0.8731617647058822,0.9256373242997268,0.9874619675456388,36,4,distance
497,0.9494685990338164,0.9875,0.8731617647058822,0.9256373242997268,0.9878803245436104,35,4,distance
483,0.9494685990338164,0.9875,0.8731617647058822,0.9256373242997268,0.9878875688206316,34,4,distance
312,0.9494685990338164,0.9875,0.8735294117647058,0.9258584875450838,0.9880704868154158,22,3,uniform
548,0.9494685990338164,0.9878676470588236,0.8735294117647058,0.9252402079751912,0.9882017893364242,39,2,uniform
284,0.9494685990338164,0.99375,0.8676470588235293,0.9254552617386322,0.9888963343958272,20,3,uniform
384,0.9495169082125604,0.9812009803921568,0.8797794117647058,0.9258645970269996,0.9893617791944364,27,4,uniform
371,0.9495169082125604,0.9812009803921568,0.8797794117647058,0.9258645970269996,0.989378078817734,26,4,distance
385,0.9495169082125604,0.9812009803921568,0.8797794117647058,0.9258645970269996,0.9895809185743264,27,4,distance
34,0.9495169082125604,0.9933333333333334,0.8676470588235293,0.9250226923614022,0.9606708200521588,2,4,uniform
190,0.9515458937198068,0.97484243697479,0.8908088235294118,0.9300495574405312,0.9858111779194436,13,5,uniform
191,0.9515458937198068,0.97484243697479,0.8908088235294118,0.9300495574405312,0.986306505360765,13,5,distance
277,0.9515458937198068,0.9808333333333332,0.8849264705882354,0.9292736879360906,0.9847996957403652,19,6,distance
317,0.9515458937198068,0.9808333333333332,0.8849264705882354,0.9294814103212324,0.985415459287163,22,5,distance
149,0.9515942028985508,0.9650438596491228,0.9033088235294118,0.9315560358872372,0.9861018545349176,10,5,distance
80,0.9515942028985508,0.9688293650793652,0.8974264705882353,0.9307039868733415,0.9820369095914228,5,6,uniform
81,0.9515942028985508,0.9688293650793652,0.8974264705882353,0.9307039868733415,0.984160388293248,5,6,distance
123,0.9515942028985508,0.969246031746032,0.8970588235294118,0.9302320820632834,0.985158287452912,8,6,distance
160,0.9515942028985508,0.9754960317460318,0.8911764705882353,0.9300365786419736,0.9865691104027816,11,4,uniform
161,0.9515942028985508,0.9754960317460318,0.8911764705882353,0.9300365786419736,0.9881483627933934,11,4,distance
333,0.9515942028985508,0.9808333333333332,0.8852941176470587,0.92949973876698,0.9856255433207768,23,6,distance
319,0.9515942028985508,0.98125,0.8852941176470589,0.9294814103212324,0.9854100260793974,22,6,distance
188,0.9515942028985508,0.9817460317460318,0.8849264705882354,0.9296199119753068,0.9865102506519848,13,4,uniform
116,0.9515942028985508,0.9861904761904764,0.8794117647058822,0.9291322007617892,0.9832738698927846,8,3,uniform
216,0.9515942028985508,0.9866071428571428,0.8794117647058822,0.9288988185526004,0.9860801217038538,15,4,uniform
200,0.9515942028985508,0.9866071428571428,0.8794117647058822,0.9291138723160416,0.9866913575775138,14,3,uniform
301,0.9515942028985508,0.9875,0.8790441176470587,0.9290647436545656,0.9861761083743844,21,4,distance
300,0.9515942028985508,0.9875,0.8790441176470587,0.9290647436545656,0.98638528687337,21,4,uniform
88,0.9515942028985508,0.9928571428571428,0.8731617647058822,0.9285139211918968,0.9805391553172992,6,3,uniform
560,0.9515942028985508,1.0,0.8669117647058823,0.9273721463001218,0.9876077586206896,40,1,uniform
78,0.9516425120772948,0.9759722222222222,0.8915441176470589,0.9302650732656292,0.9801642639814548,5,5,uniform
79,0.9516425120772948,0.9759722222222222,0.8915441176470589,0.9302650732656292,0.9817426108374384,5,5,distance
177,0.9516425120772948,0.9770676691729324,0.8911764705882353,0.9305210896506784,0.9863264271225732,12,5,distance
358,0.9516425120772948,0.9816176470588236,0.8856617647058822,0.9294814103212324,0.9863925311503912,25,5,uniform
359,0.9516425120772948,0.9816176470588236,0.8856617647058822,0.9294814103212324,0.9869059692842654,25,5,distance
386,0.9516425120772948,0.9816176470588236,0.8856617647058822,0.9294814103212324,0.9869775065198492,27,5,uniform
373,0.9516425120772948,0.9816176470588236,0.8856617647058822,0.9294814103212324,0.9870707765864968,26,5,distance
387,0.9516425120772948,0.9816176470588236,0.8856617647058822,0.9294814103212324,0.9870834540712836,27,5,distance
244,0.9516425120772948,0.9866666666666668,0.8794117647058822,0.9288949000573028,0.9861797305128948,17,4,uniform
411,0.9516425120772948,0.9875,0.8794117647058822,0.9290781845147806,0.9897910026079396,29,3,distance
397,0.9516425120772948,0.9875,0.8794117647058822,0.9290781845147806,0.990006519849319,28,3,distance
258,0.9516425120772948,0.9933333333333334,0.8731617647058822,0.9286798462938618,0.9858274775427412,18,4,uniform
286,0.9516425120772948,0.9933333333333334,0.8731617647058822,0.9286798462938618,0.986486706751666,20,4,uniform
534,0.9516425120772948,0.9941176470588236,0.8735294117647058,0.9280811170661004,0.987777093596059,38,2,uniform
399,0.9516908212560388,0.9816176470588236,0.8856617647058822,0.9292736879360906,0.9893708345407128,28,4,distance
368,0.9516908212560388,0.9878676470588236,0.8797794117647058,0.9290781845147806,0.9900128585917124,26,3,uniform
382,0.9516908212560388,0.9878676470588236,0.8797794117647058,0.9290781845147806,0.9902156983483048,27,3,uniform
121,0.9537681159420288,0.969246031746032,0.9029411764705882,0.933659501418122,0.9832313097652854,8,5,distance
147,0.9537681159420288,0.9708176691729322,0.9029411764705882,0.9341440124268268,0.9838832946971892,10,4,distance
189,0.9537681159420288,0.9817460317460318,0.8908088235294118,0.9330473313301456,0.9872392060272384,13,4,distance
493,0.9537681159420288,0.99375,0.8790441176470589,0.931508536420939,0.9879654447986091,35,2,distance
521,0.9537681159420288,0.99375,0.8790441176470589,0.931508536420939,0.9881809620399884,37,2,distance
437,0.9537681159420288,0.99375,0.8790441176470589,0.931508536420939,0.9887967255867866,31,2,distance
549,0.9537681159420288,0.99375,0.8790441176470589,0.931508536420939,0.9888148362793392,39,2,distance
422,0.9537681159420288,0.99375,0.8790441176470589,0.931508536420939,0.9889090118806144,30,2,uniform
217,0.9537681159420291,0.9866071428571428,0.8852941176470589,0.9323262379074392,0.9875362213851056,15,4,distance
8,0.9538164251207728,0.9515424590888988,0.9220588235294118,0.934875541125541,0.94723630831643,1,5,uniform
9,0.9538164251207728,0.9515424590888988,0.9220588235294118,0.934875541125541,0.94723630831643,1,5,distance
22,0.9538164251207728,0.9515424590888988,0.9220588235294118,0.934875541125541,0.94723630831643,1,5,uniform
23,0.9538164251207728,0.9515424590888988,0.9220588235294118,0.934875541125541,0.94723630831643,1,5,distance
37,0.9538164251207728,0.9515424590888988,0.9220588235294118,0.934875541125541,0.9650762460156476,2,5,distance
546,0.9538164251207728,1.0,0.8731617647058822,0.9305979527517346,0.9875987032744132,39,1,uniform
532,0.9538164251207728,1.0,0.8731617647058822,0.9305979527517346,0.987693784410316,38,1,uniform
561,0.9538164251207728,1.0,0.8731617647058822,0.9313130329996292,0.9878115039119096,40,1,distance
2,0.953816425120773,0.94109477124183,0.9341911764705882,0.9365196078431371,0.9498542089249492,1,2,uniform
3,0.953816425120773,0.94109477124183,0.9341911764705882,0.9365196078431371,0.9498542089249492,1,2,distance
16,0.953816425120773,0.94109477124183,0.9341911764705882,0.9365196078431371,0.9498542089249492,1,2,uniform
17,0.953816425120773,0.94109477124183,0.9341911764705882,0.9365196078431371,0.9498542089249492,1,2,distance
31,0.953816425120773,0.94109477124183,0.9341911764705882,0.9365196078431371,0.970867139959432,2,2,distance
315,0.953816425120773,0.98125,0.8911764705882351,0.9327011072909294,0.986815415821501,22,4,distance
245,0.953816425120773,0.9866666666666668,0.8852941176470587,0.9323223194121416,0.9870001448855404,17,4,distance
259,0.953816425120773,0.9870833333333332,0.8849264705882351,0.9322978814844776,0.9863535931614024,18,4,distance
287,0.953816425120773,0.9875,0.8852941176470587,0.9325056038696194,0.9863662706461896,20,4,distance
296,0.953816425120773,0.9875,0.8852941176470589,0.9321084875450838,0.9869430962039988,21,2,uniform
273,0.953816425120773,0.99375,0.8790441176470587,0.9320889372029528,0.9861634308895972,19,4,distance
272,0.953816425120773,0.99375,0.8790441176470587,0.9320889372029528,0.98638528687337,19,4,uniform
226,0.953816425120773,0.99375,0.8790441176470589,0.9316918208784172,0.9862032744132136,16,2,uniform
67,0.9538647342995168,0.969246031746032,0.9036764705882352,0.9341314062281804,0.9827731092436977,4,6,distance
69,0.9538647342995168,0.969246031746032,0.9036764705882352,0.9341314062281804,0.9842817299333528,4,7,distance
97,0.9538647342995168,0.9759722222222222,0.8974264705882353,0.933692492620468,0.9860710663575776,6,7,distance
343,0.9538647342995168,0.9816176470588236,0.8915441176470587,0.9327011072909294,0.9878549695740364,24,4,distance
90,0.9538647342995168,0.9870833333333332,0.8856617647058822,0.932769786294536,0.980031150391191,6,4,uniform
383,0.9538647342995168,0.9878676470588236,0.8856617647058822,0.9322978814844776,0.9902093596059112,27,3,distance
326,0.9539130434782608,0.9878676470588236,0.8856617647058822,0.9322978814844776,0.9879500507099392,23,3,uniform
354,0.9539130434782608,0.9878676470588236,0.8856617647058822,0.9322978814844776,0.9881619458128078,25,3,uniform
340,0.9539130434782608,0.9878676470588236,0.8856617647058822,0.9322978814844776,0.988273326572008,24,3,uniform
341,0.9539130434782608,0.9878676470588236,0.8856617647058822,0.9322978814844776,0.9887967255867866,24,3,distance
369,0.9539130434782608,0.9878676470588236,0.8856617647058822,0.9322978814844776,0.9896008403361344,26,3,distance
4,0.9559420289855072,0.9536958204334364,0.9279411764705884,0.93894919991457,0.9501774847870182,1,3,uniform
5,0.9559420289855072,0.9536958204334364,0.9279411764705884,0.93894919991457,0.9501774847870182,1,3,distance
18,0.9559420289855072,0.9536958204334364,0.9279411764705884,0.93894919991457,0.9501774847870182,1,3,uniform
19,0.9559420289855072,0.9536958204334364,0.9279411764705884,0.93894919991457,0.9501774847870182,1,3,distance
33,0.9559420289855072,0.9536958204334364,0.9279411764705884,0.93894919991457,0.9666989640683858,2,3,distance
6,0.9559420289855072,0.9581601061477224,0.9216911764705882,0.9376991999145702,0.9487766227180529,1,4,uniform
7,0.9559420289855072,0.9581601061477224,0.9216911764705882,0.9376991999145702,0.9487766227180529,1,4,distance
20,0.9559420289855072,0.9581601061477224,0.9216911764705882,0.9376991999145702,0.9487766227180529,1,4,uniform
21,0.9559420289855072,0.9581601061477224,0.9216911764705882,0.9376991999145702,0.9487766227180529,1,4,distance
35,0.9559420289855072,0.9581601061477224,0.9216911764705882,0.9376991999145702,0.9617167125470878,2,4,distance
231,0.9559420289855072,0.9869747899159664,0.8908088235294118,0.9357364069603978,0.9865908432338452,16,4,distance
172,0.9559420289855072,0.9869747899159664,0.8911764705882353,0.9357498478206128,0.9855377064618952,12,3,uniform
198,0.9559420289855072,0.99375,0.8849264705882354,0.9351192402332558,0.9861724862358738,14,2,uniform
175,0.9559903381642512,0.9869747899159664,0.8911764705882353,0.9357498478206128,0.988166473485946,12,4,distance
268,0.9559903381642512,0.99375,0.8852941176470589,0.9349493966359927,0.986828093306288,19,2,uniform
394,0.9559903381642512,0.99375,0.8852941176470589,0.9349493966359927,0.9883638800347724,28,2,uniform
395,0.9559903381642512,0.99375,0.8852941176470589,0.9349493966359927,0.9884544334975368,28,2,distance
409,0.9559903381642512,0.99375,0.8852941176470589,0.9349493966359927,0.9887894813097652,29,2,distance
381,0.9559903381642512,0.99375,0.8852941176470589,0.9349493966359927,0.9888854679802954,27,2,distance
423,0.9559903381642512,0.99375,0.8852941176470589,0.9349493966359927,0.989215082584758,30,2,distance
367,0.9559903381642512,0.99375,0.8852941176470589,0.9349493966359927,0.9894179223413502,26,2,distance
366,0.9559903381642512,0.99375,0.8852941176470589,0.9349493966359927,0.9894296942915096,26,2,uniform
310,0.9559903381642512,0.99375,0.8852941176470589,0.9349493966359927,0.9894305998261372,22,2,uniform
338,0.9559903381642512,0.99375,0.8852941176470589,0.9349493966359927,0.9896587945523035,24,2,uniform
339,0.9559903381642512,0.99375,0.8852941176470589,0.9349493966359927,0.9896660388293248,24,2,distance
324,0.9559903381642512,0.99375,0.8852941176470589,0.9349493966359927,0.9897665531729932,23,2,uniform
353,0.9559903381642512,0.99375,0.8852941176470589,0.9349493966359927,0.9902673138220806,25,2,distance
535,0.9559903381642512,0.9941176470588236,0.8852941176470589,0.934728233390636,0.9879654447986091,38,2,distance
492,0.9559903381642512,0.9941176470588236,0.8852941176470589,0.934728233390636,0.9880786366270646,35,2,uniform
520,0.9559903381642512,0.9941176470588236,0.8852941176470589,0.934728233390636,0.9881954505940308,37,2,uniform
436,0.9559903381642512,0.9941176470588236,0.8852941176470589,0.934728233390636,0.9888012532599246,31,2,uniform
280,0.9559903381642512,1.0,0.8790441176470589,0.934532729969326,0.987362358736598,20,1,uniform
364,0.9559903381642512,1.0,0.8790441176470589,0.934532729969326,0.9875796870472326,26,1,uniform
365,0.9559903381642512,1.0,0.8790441176470589,0.934532729969326,0.9876666183714866,26,1,distance
350,0.9559903381642512,1.0,0.8790441176470589,0.934532729969326,0.9880016661837148,25,1,uniform
547,0.9559903381642512,1.0,0.8790441176470589,0.934532729969326,0.988014343668502,39,1,distance
322,0.9559903381642512,1.0,0.8790441176470589,0.934532729969326,0.9880949362503624,23,1,uniform
407,0.9559903381642512,1.0,0.8790441176470589,0.934532729969326,0.988217183425094,29,1,distance
465,0.9559903381642512,1.0,0.8790441176470589,0.934532729969326,0.9882823819182848,33,2,distance
351,0.9559903381642512,1.0,0.8790441176470589,0.934532729969326,0.9883004926108374,25,1,distance
336,0.9559903381642512,1.0,0.8790441176470589,0.934532729969326,0.988304114749348,24,1,uniform
379,0.9559903381642512,1.0,0.8790441176470589,0.934532729969326,0.9883258475804114,27,1,distance
337,0.9559903381642512,1.0,0.8790441176470589,0.934532729969326,0.9883946682121124,24,1,distance
451,0.9559903381642512,1.0,0.8790441176470589,0.934532729969326,0.988479788467111,32,2,distance
308,0.9559903381642512,1.0,0.8790441176470589,0.934532729969326,0.9885196319907276,22,1,uniform
450,0.9559903381642512,1.0,0.8790441176470589,0.934532729969326,0.9885984135033324,32,2,uniform
504,0.9559903381642514,1.0,0.8790441176470589,0.9338176497214316,0.9871568023761228,36,1,uniform
518,0.9559903381642514,1.0,0.8790441176470589,0.9338176497214316,0.9873786583598956,37,1,uniform
54,0.956038647342995,0.9682247899159664,0.9095588235294118,0.9371992697372205,0.9754907997681832,3,7,uniform
55,0.956038647342995,0.9682247899159664,0.9095588235294118,0.9371992697372205,0.9776079397276152,3,7,distance
50,0.956038647342995,0.9753186274509804,0.9033088235294118,0.9369386092489378,0.9754907997681832,3,5,uniform
51,0.956038647342995,0.9753186274509804,0.9033088235294118,0.9369386092489378,0.9774938423645322,3,5,distance
104,0.9560386473429952,0.9753186274509804,0.9033088235294118,0.9371463316340792,0.9823167197913648,7,4,uniform
105,0.9560386473429952,0.9753186274509804,0.9033088235294118,0.9371463316340792,0.9842817299333524,7,4,distance
95,0.9560386473429952,0.9759722222222222,0.9033088235294118,0.936912189590165,0.985754129237902,6,6,distance
240,0.9560386473429952,0.99375,0.8852941176470589,0.935132681093471,0.9872627499275572,17,2,uniform
282,0.9560386473429952,1.0,0.8794117647058822,0.9349432871540768,0.986517494929006,20,2,uniform
283,0.9560386473429952,1.0,0.8794117647058822,0.9349432871540768,0.9872564111851636,20,2,distance
52,0.9560869565217393,0.9701388888888888,0.9095588235294118,0.9374986998540948,0.9790595117357288,3,6,uniform
53,0.9560869565217393,0.9701388888888888,0.9095588235294118,0.9374986998540948,0.9806251811069256,3,6,distance
355,0.9560869565217393,0.9878676470588236,0.8915441176470587,0.9355175784541748,0.9883584468270068,25,3,distance
62,0.9560869565217393,1.0,0.8794117647058822,0.9351805878585632,0.9806278977108084,4,4,uniform
297,0.9581642512077296,0.99375,0.8911764705882353,0.9383768159908316,0.9872636554621848,21,2,distance
269,0.9581642512077296,0.99375,0.8911764705882353,0.9383768159908316,0.9876747681831352,19,2,distance
311,0.9581642512077296,0.99375,0.8911764705882353,0.9383768159908316,0.9896406838597508,22,2,distance
325,0.9581642512077296,0.99375,0.8911764705882353,0.9383768159908316,0.9896660388293248,23,2,distance
168,0.9581642512077296,1.0,0.8849264705882354,0.9379601493241648,0.9811304694291508,12,1,uniform
196,0.9581642512077296,1.0,0.8849264705882354,0.9379601493241648,0.9831624891335844,14,1,uniform
224,0.9581642512077296,1.0,0.8849264705882354,0.9379601493241648,0.9863363880034772,16,1,uniform
281,0.9581642512077296,1.0,0.8849264705882354,0.9379601493241648,0.9871721964647928,20,1,distance
294,0.9581642512077296,1.0,0.8849264705882354,0.9379601493241648,0.9880985583888728,21,1,uniform
323,0.9581642512077296,1.0,0.8849264705882354,0.9379601493241648,0.9881918284555204,23,1,distance
295,0.9581642512077296,1.0,0.8849264705882354,0.9379601493241648,0.9884182121124312,21,1,distance
309,0.9581642512077296,1.0,0.8849264705882354,0.9379601493241648,0.9888257026948712,22,1,distance
140,0.9581642512077296,1.0,0.8849264705882354,0.9381678717093064,0.9820749420457838,10,1,uniform
48,0.9582125603864734,0.9753186274509804,0.9091911764705882,0.9403660286037764,0.9699253839466822,3,4,uniform
49,0.9582125603864734,0.9753186274509804,0.9091911764705882,0.9403660286037764,0.9718206679223412,3,4,distance
408,0.9582125603864734,0.9941176470588236,0.8915441176470589,0.9381690936056896,0.9883729353810488,29,2,uniform
380,0.9582125603864734,0.9941176470588236,0.8915441176470589,0.9381690936056896,0.9884689220515792,27,2,uniform
352,0.9582125603864734,0.9941176470588236,0.8915441176470589,0.9381690936056896,0.9901686105476672,25,2,uniform
32,0.9582125603864734,1.0,0.8852941176470587,0.9381079807289484,0.966067806432918,2,3,uniform
266,0.9582125603864734,1.0,0.8852941176470589,0.93797359018438,0.9846629600115908,19,1,uniform
252,0.9582125603864734,1.0,0.8852941176470589,0.93797359018438,0.9850813170095624,18,1,uniform
254,0.9582125603864734,1.0,0.8852941176470589,0.93797359018438,0.986939474065488,18,2,uniform
448,0.9582125603864736,1.0,0.8852941176470589,0.937758536420939,0.9869630179658072,32,1,uniform
434,0.9582125603864736,1.0,0.8852941176470589,0.937758536420939,0.9869793175891044,31,1,uniform
462,0.9582125603864736,1.0,0.8852941176470589,0.937758536420939,0.987054476963199,33,1,uniform
476,0.9582125603864736,1.0,0.8852941176470589,0.937758536420939,0.9870553824978266,34,1,uniform
406,0.9582125603864736,1.0,0.8852941176470589,0.937758536420939,0.9870780208635178,29,1,uniform
420,0.9582125603864736,1.0,0.8852941176470589,0.937758536420939,0.9870843596059112,30,1,uniform
477,0.9582125603864736,1.0,0.8852941176470589,0.937758536420939,0.9871631411185164,34,1,distance
392,0.9582125603864736,1.0,0.8852941176470589,0.937758536420939,0.9872881048971314,28,1,uniform
505,0.9582125603864736,1.0,0.8852941176470589,0.937758536420939,0.9873659808751084,36,1,distance
490,0.9582125603864736,1.0,0.8852941176470589,0.937758536420939,0.9873659808751089,35,1,uniform
463,0.9582125603864736,1.0,0.8852941176470589,0.937758536420939,0.9873786583598956,33,1,distance
449,0.9582125603864736,1.0,0.8852941176470589,0.937758536420939,0.987385902636917,32,1,distance
421,0.9582125603864736,1.0,0.8852941176470589,0.937758536420939,0.987494566792234,30,1,distance
435,0.9582125603864736,1.0,0.8852941176470589,0.937758536420939,0.9875,31,1,distance
491,0.9582125603864736,1.0,0.8852941176470589,0.937758536420939,0.9877970153578672,35,1,distance
519,0.9582125603864736,1.0,0.8852941176470589,0.937758536420939,0.9879944219066936,37,1,distance
533,0.9582125603864736,1.0,0.8852941176470589,0.937758536420939,0.988014343668502,38,1,distance
378,0.9582125603864736,1.0,0.8852941176470589,0.937758536420939,0.9881248188930746,27,1,uniform
507,0.9582125603864736,1.0,0.8852941176470589,0.937758536420939,0.9881809620399884,36,2,distance
393,0.9582125603864736,1.0,0.8852941176470589,0.937758536420939,0.9882244277021156,28,1,distance
506,0.9582125603864736,1.0,0.8852941176470589,0.937758536420939,0.988294153868444,36,2,uniform
478,0.9582125603864736,1.0,0.8852941176470589,0.937758536420939,0.9883892350043466,34,2,uniform
479,0.9582125603864736,1.0,0.8852941176470589,0.937758536420939,0.988497899159664,34,2,distance
464,0.9582125603864736,1.0,0.8852941176470589,0.937758536420939,0.988706172124022,33,2,uniform
93,0.9582608695652176,0.976388888888889,0.9095588235294118,0.9403396089450038,0.9830230368009272,6,5,distance
203,0.9582608695652176,0.9822222222222224,0.9033088235294118,0.939936383138552,0.9874547232686176,14,4,distance
313,0.9582608695652176,0.9875,0.8974264705882351,0.9389511072909292,0.9894432773109244,22,3,distance
298,0.9582608695652176,0.9878676470588236,0.8974264705882351,0.9389449978090132,0.9881700956244568,21,3,uniform
327,0.9582608695652176,0.9878676470588236,0.8974264705882351,0.9389449978090132,0.989215082584758,23,3,distance
256,0.9582608695652176,0.99375,0.8911764705882351,0.9387494943877036,0.988573964068386,18,3,uniform
158,0.9603381642512078,0.9869747899159664,0.9029411764705882,0.9423969641451484,0.9852524630541872,11,3,uniform
159,0.9603381642512078,0.9869747899159664,0.9029411764705882,0.9423969641451484,0.9855440452042884,11,3,distance
144,0.9603381642512078,0.9928571428571428,0.8970588235294118,0.942029317086325,0.9818141480730224,10,3,uniform
182,0.9603381642512078,0.99375,0.8966911764705883,0.9417663565577914,0.9829668936540132,13,1,uniform
210,0.9603381642512078,1.0,0.8908088235294118,0.941179846293862,0.9865528107794844,15,1,uniform
119,0.9603864734299516,0.9812009803921568,0.9091911764705882,0.9430286845752558,0.9827151550275282,8,4,distance
186,0.9603864734299516,0.9869747899159664,0.9029411764705882,0.9423969641451484,0.9845823674297304,13,3,uniform
187,0.9603864734299516,0.9869747899159664,0.9029411764705882,0.9423969641451484,0.985026079397276,13,3,distance
214,0.9603864734299516,0.9869747899159664,0.9029411764705882,0.9423969641451484,0.986151658939438,15,3,uniform
229,0.9603864734299516,0.9869747899159664,0.9029411764705882,0.9423969641451484,0.986985656331498,16,3,distance
215,0.9603864734299516,0.9869747899159664,0.9029411764705882,0.9423969641451484,0.9870110113010722,15,3,distance
86,0.9603864734299516,0.99375,0.8974264705882351,0.9422443708497656,0.9818847797739784,6,2,uniform
267,0.9603864734299516,1.0,0.8911764705882353,0.9414010095392188,0.9854245146334396,19,1,distance
241,0.9603864734299516,1.0,0.8911764705882353,0.9414010095392188,0.987777093596059,17,2,distance
58,0.9603864734299516,1.0,0.8911764705882353,0.9415354000837872,0.9777999130686756,4,2,uniform
65,0.9604347826086956,0.9753676470588236,0.9154411764705882,0.9436151948391855,0.9826716893654014,4,5,distance
299,0.9604347826086956,0.9878676470588236,0.9033088235294118,0.942372417163852,0.9891172848449724,21,3,distance
228,0.9604347826086956,0.9941176470588236,0.8970588235294118,0.941958050537436,0.985932519559548,16,3,uniform
242,0.9604347826086956,0.9941176470588236,0.8970588235294118,0.941958050537436,0.9879500507099392,17,3,uniform
30,0.9604347826086956,1.0,0.8915441176470587,0.942048867428456,0.97055654158215,2,2,uniform
60,0.9604347826086956,1.0,0.8915441176470587,0.9422565898135976,0.9780987394957984,4,3,uniform
199,0.962512077294686,0.9869747899159664,0.9088235294117648,0.9454272671754516,0.985863698927847,14,2,distance
183,0.962512077294686,0.9941176470588236,0.9025735294117648,0.9449749127075242,0.9834758041147492,13,1,distance
213,0.962512077294686,0.9941176470588236,0.9025735294117648,0.9449749127075242,0.9865093451173572,15,2,distance
212,0.962512077294686,0.9941176470588236,0.9025735294117648,0.9449749127075242,0.986713995943205,15,2,uniform
28,0.962512077294686,1.0,0.8966911764705883,0.944107239164247,0.9736878803245436,2,1,uniform
154,0.962512077294686,1.0,0.8966911764705883,0.9446072656487006,0.9818721022891916,11,1,uniform
197,0.962512077294686,1.0,0.8966911764705883,0.9446072656487006,0.9836913213561288,14,1,distance
225,0.962512077294686,1.0,0.8966911764705883,0.9446072656487006,0.9865654882642714,16,1,distance
211,0.962512077294686,1.0,0.8966911764705883,0.9446072656487006,0.9869856563314984,15,1,distance
170,0.962512077294686,1.0,0.8970588235294118,0.9446207065089156,0.9841676325702692,12,2,uniform
0,0.96256038647343,0.9584558823529412,0.9397058823529412,0.9480570409982174,0.9577839756592292,1,1,uniform
1,0.96256038647343,0.9584558823529412,0.9397058823529412,0.9480570409982174,0.9577839756592292,1,1,distance
14,0.96256038647343,0.9584558823529412,0.9397058823529412,0.9480570409982174,0.9577839756592292,1,1,uniform
15,0.96256038647343,0.9584558823529412,0.9397058823529412,0.9480570409982174,0.9577839756592292,1,1,distance
29,0.96256038647343,0.9584558823529412,0.9397058823529412,0.9480570409982174,0.9739033975659228,2,1,distance
130,0.96256038647343,0.9817460317460318,0.9147058823529411,0.9461472824542904,0.9823447913648218,9,3,uniform
131,0.96256038647343,0.9817460317460318,0.9147058823529411,0.9461472824542904,0.9829533106345986,9,3,distance
173,0.96256038647343,0.9869747899159664,0.9088235294117648,0.9456166611148454,0.9861525644740654,12,3,distance
253,0.96256038647343,1.0,0.8970588235294118,0.9446207065089156,0.9858428716314112,18,1,distance
238,0.96256038647343,1.0,0.8970588235294118,0.9446207065089156,0.985911692263112,17,1,uniform
255,0.96256038647343,1.0,0.8970588235294118,0.9446207065089156,0.9876693349753694,18,2,distance
112,0.96256038647343,1.0,0.8974264705882353,0.9450791704587592,0.9798545711388004,8,1,uniform
91,0.962608695652174,0.9816176470588236,0.9154411764705882,0.9464561039300946,0.9815941031585048,6,4,distance
46,0.962608695652174,0.982638888888889,0.9154411764705882,0.9467912218482296,0.971398688785859,3,3,uniform
47,0.962608695652174,0.982638888888889,0.9154411764705882,0.9467912218482296,0.9726573819182848,3,3,distance
102,0.962608695652174,0.9870833333333332,0.9091911764705882,0.9460640189436074,0.9832711532889018,7,3,uniform
103,0.962608695652174,0.9870833333333332,0.9091911764705882,0.9460640189436074,0.9836831715444798,7,3,distance
201,0.962608695652174,0.987450980392157,0.9091911764705882,0.946052878123643,0.9870236887858592,14,3,distance
114,0.962608695652174,0.99375,0.9036764705882352,0.9456852310648196,0.9810290495508548,8,2,uniform
243,0.962608695652174,0.9941176470588236,0.9029411764705882,0.9453854698922748,0.9886753839466822,17,3,distance
76,0.9626570048309178,0.9878676470588236,0.9095588235294118,0.946052878123643,0.9795629889886992,5,4,uniform
77,0.9626570048309178,0.9878676470588236,0.9095588235294118,0.946052878123643,0.9807229788467112,5,4,distance
270,0.962657004830918,0.9941176470588236,0.9033088235294118,0.9451838569890488,0.9884598667053026,19,3,uniform
285,0.962657004830918,0.9941176470588236,0.9033088235294118,0.9451838569890488,0.9892132715155026,20,3,distance
171,0.9646859903381644,0.9928571428571428,0.9088235294117648,0.948279317086325,0.9837565198493192,12,2,distance
155,0.9646859903381644,1.0,0.9025735294117648,0.9478269626183976,0.9816502463054186,11,1,distance
156,0.964734299516908,0.9941176470588236,0.9088235294117648,0.948415772922578,0.9835310417270356,11,2,uniform
227,0.964734299516908,0.9941176470588236,0.9088235294117648,0.948415772922578,0.986407925239061,16,2,distance
184,0.964734299516908,0.9941176470588236,0.9088235294117648,0.948415772922578,0.9865908432338452,13,2,uniform
239,0.964734299516908,1.0,0.9029411764705882,0.9480481258637544,0.986349971022892,17,1,distance
117,0.9647826086956522,0.987450980392157,0.9150735294117648,0.94927257509334,0.9834767096493768,8,3,distance
72,0.9647826086956522,0.9878676470588236,0.9154411764705882,0.9494802974784818,0.9826209794262534,5,2,uniform
73,0.9647826086956522,0.9878676470588236,0.9154411764705882,0.9494802974784818,0.982802086351782,5,2,distance
127,0.9647826086956522,0.9941176470588236,0.9091911764705882,0.948874236872421,0.9823610909881196,9,1,distance
126,0.9647826086956522,0.9941176470588236,0.9091911764705882,0.948874236872421,0.9825892857142856,9,1,uniform
271,0.964830917874396,0.9941176470588236,0.9091911764705882,0.9486112763438876,0.9886681396696608,19,3,distance
257,0.964830917874396,0.9941176470588236,0.9091911764705882,0.9486112763438876,0.98888365691104,18,3,distance
169,0.9669082125603864,1.0,0.9088235294117648,0.9512678228334512,0.9813333091857432,12,1,distance
142,0.9669082125603864,1.0,0.9088235294117648,0.9512678228334512,0.9832340263691683,10,2,uniform
157,0.9669082125603864,1.0,0.9088235294117648,0.9512678228334512,0.9835536800927268,11,2,distance
185,0.9669082125603864,1.0,0.9088235294117648,0.9512678228334512,0.9862956389452332,13,2,distance
128,0.9669565217391304,0.982638888888889,0.9272058823529412,0.9530412218482296,0.9831606780643292,9,2,uniform
145,0.9669565217391304,0.987450980392157,0.9209558823529412,0.9524922720630368,0.9821057302231238,10,3,distance
89,0.9669565217391304,0.9875,0.9213235294117648,0.9525278508106652,0.981667451463344,6,3,distance
74,0.9670048309178744,0.9878676470588236,0.9213235294117648,0.9526999944481788,0.9766344900028978,5,3,uniform
75,0.9670048309178744,0.9878676470588236,0.9213235294117648,0.9526999944481788,0.9774521877716604,5,3,distance
63,0.9670531400966184,0.9878676470588236,0.9216911764705882,0.952711135268143,0.980944834830484,4,4,distance
100,0.9691304347826086,0.9878676470588236,0.9272058823529412,0.9557302974784818,0.9815551651695162,7,2,uniform
101,0.9691304347826086,0.9878676470588236,0.9272058823529412,0.9557302974784818,0.981748949579832,7,2,distance
129,0.9691304347826086,0.9878676470588236,0.9272058823529412,0.9557302974784818,0.984105150680962,9,2,distance
115,0.9691304347826086,0.99375,0.9213235294117648,0.955552044359052,0.9817616270646188,8,2,distance
87,0.9691304347826086,0.99375,0.9213235294117648,0.955552044359052,0.982084902926688,6,2,distance
56,0.9691787439613526,1.0,0.9154411764705882,0.9551671469983486,0.9758729353810488,4,1,uniform
45,0.9691787439613526,1.0,0.9154411764705882,0.9553565409377424,0.9755070993914806,3,2,distance
44,0.9691787439613526,1.0,0.9154411764705882,0.9553565409377424,0.9755895030425964,3,2,uniform
59,0.9691787439613528,0.99375,0.9216911764705882,0.955558153840968,0.9775789626195304,4,2,distance
61,0.9692270531400966,0.9941176470588236,0.9216911764705882,0.9555520443590524,0.9782952405099972,4,3,distance
71,0.971304347826087,0.99375,0.9272058823529412,0.9585823473893552,0.9778732613735148,5,1,distance
70,0.971304347826087,0.99375,0.9272058823529412,0.9585823473893552,0.9779764923210664,5,1,uniform
143,0.971304347826087,0.99375,0.9272058823529412,0.9585823473893552,0.9839919588525065,10,2,distance
84,0.971304347826087,1.0,0.9209558823529412,0.9581656807226884,0.9779855476673428,6,1,uniform
113,0.971304347826087,1.0,0.9209558823529412,0.9581656807226884,0.9798464213271516,8,1,distance
99,0.971304347826087,1.0,0.9209558823529412,0.9581656807226884,0.9800619385685309,7,1,distance
98,0.971304347826087,1.0,0.9209558823529412,0.9581656807226884,0.9800700883801796,7,1,uniform
141,0.9713526570048308,1.0,0.9213235294117648,0.9583868439680454,0.9817453274413216,10,1,distance
85,0.9735265700483092,1.0,0.9272058823529412,0.9616065409377424,0.9779864532019704,6,1,distance
42,0.9735748792270532,1.0,0.9275735294117646,0.9616126504196584,0.9730585337583308,3,1,uniform
43,0.9735748792270532,1.0,0.9275735294117646,0.9616126504196584,0.97358555491162,3,1,distance
57,0.9779710144927536,1.0,0.9397058823529412,0.968058153840968,0.9756519849319036,4,1,distance
