,accuracy,precision,recall,f1,roc_auc,C,degree,gamma,kernel
55,0.5231981981981981,0.3398739822269234,0.3917582417582417,0.3593395689163571,0.517305701544832,1e-05,8,16.68100537200059,poly
58,0.5231981981981981,0.3398739822269234,0.3917582417582417,0.3593395689163571,0.517305701544832,1e-05,8,100.0,poly
115,0.5231981981981981,0.3398739822269234,0.3917582417582417,0.3593395689163571,0.517305701544832,5.994842503189409e-05,8,16.68100537200059,poly
118,0.5231981981981981,0.3398739822269234,0.3917582417582417,0.3593395689163571,0.517305701544832,5.994842503189409e-05,8,100.0,poly
172,0.5231981981981981,0.3398739822269234,0.3917582417582417,0.3593395689163571,0.517305701544832,0.00035938136638046257,8,2.782559402207126,poly
175,0.5231981981981981,0.3398739822269234,0.3917582417582417,0.3593395689163571,0.517305701544832,0.00035938136638046257,8,16.68100537200059,poly
178,0.5231981981981981,0.3398739822269234,0.3917582417582417,0.3593395689163571,0.517305701544832,0.00035938136638046257,8,100.0,poly
232,0.5231981981981981,0.3398739822269234,0.3917582417582417,0.3593395689163571,0.517305701544832,0.0021544346900318843,8,2.782559402207126,poly
235,0.5231981981981981,0.3398739822269234,0.3917582417582417,0.3593395689163571,0.517305701544832,0.0021544346900318843,8,16.68100537200059,poly
238,0.5231981981981981,0.3398739822269234,0.3917582417582417,0.3593395689163571,0.517305701544832,0.0021544346900318843,8,100.0,poly
292,0.5231981981981981,0.3398739822269234,0.3917582417582417,0.3593395689163571,0.517305701544832,0.01291549665014884,8,2.782559402207126,poly
295,0.5231981981981981,0.3398739822269234,0.3917582417582417,0.3593395689163571,0.517305701544832,0.01291549665014884,8,16.68100537200059,poly
298,0.5231981981981981,0.3398739822269234,0.3917582417582417,0.3593395689163571,0.517305701544832,0.01291549665014884,8,100.0,poly
352,0.5231981981981981,0.3398739822269234,0.3917582417582417,0.3593395689163571,0.517305701544832,0.0774263682681127,8,2.782559402207126,poly
355,0.5231981981981981,0.3398739822269234,0.3917582417582417,0.3593395689163571,0.517305701544832,0.0774263682681127,8,16.68100537200059,poly
358,0.5231981981981981,0.3398739822269234,0.3917582417582417,0.3593395689163571,0.517305701544832,0.0774263682681127,8,100.0,poly
412,0.5231981981981981,0.3398739822269234,0.3917582417582417,0.3593395689163571,0.517305701544832,0.4641588833612782,8,2.782559402207126,poly
415,0.5231981981981981,0.3398739822269234,0.3917582417582417,0.3593395689163571,0.517305701544832,0.4641588833612782,8,16.68100537200059,poly
418,0.5231981981981981,0.3398739822269234,0.3917582417582417,0.3593395689163571,0.517305701544832,0.4641588833612782,8,100.0,poly
472,0.5231981981981981,0.3398739822269234,0.3917582417582417,0.3593395689163571,0.517305701544832,2.782559402207126,8,2.782559402207126,poly
475,0.5231981981981981,0.3398739822269234,0.3917582417582417,0.3593395689163571,0.517305701544832,2.782559402207126,8,16.68100537200059,poly
478,0.5231981981981981,0.3398739822269234,0.3917582417582417,0.3593395689163571,0.517305701544832,2.782559402207126,8,100.0,poly
532,0.5231981981981981,0.3398739822269234,0.3917582417582417,0.3593395689163571,0.517305701544832,16.68100537200059,8,2.782559402207126,poly
535,0.5231981981981981,0.3398739822269234,0.3917582417582417,0.3593395689163571,0.517305701544832,16.68100537200059,8,16.68100537200059,poly
538,0.5231981981981981,0.3398739822269234,0.3917582417582417,0.3593395689163571,0.517305701544832,16.68100537200059,8,100.0,poly
592,0.5231981981981981,0.3398739822269234,0.3917582417582417,0.3593395689163571,0.517305701544832,100.0,8,2.782559402207126,poly
595,0.5231981981981981,0.3398739822269234,0.3917582417582417,0.3593395689163571,0.517305701544832,100.0,8,16.68100537200059,poly
598,0.5231981981981981,0.3398739822269234,0.3917582417582417,0.3593395689163571,0.517305701544832,100.0,8,100.0,poly
112,0.5720720720720721,0.3938611062140473,0.4214285714285714,0.4034191710320742,0.5551242236024845,5.994842503189409e-05,8,2.782559402207126,poly
589,0.5720720720720721,0.3938611062140473,0.4214285714285714,0.4034191710320742,0.5551242236024845,100.0,8,0.4641588833612782,poly
52,0.5746996996996998,0.4075256769374416,0.4346153846153847,0.4177909015577681,0.560357939162287,1e-05,8,2.782559402207126,poly
529,0.5746996996996998,0.4075256769374416,0.4346153846153847,0.4177909015577681,0.560357939162287,16.68100537200059,8,0.4641588833612782,poly
500,0.6096096096096096,0.4610356383382699,0.4505494505494505,0.4474833218311479,0.6469163083293519,16.68100537200059,1,0.4641588833612782,rbf
530,0.6096096096096096,0.4610356383382699,0.4505494505494505,0.4474833218311479,0.6469163083293519,16.68100537200059,8,0.4641588833612782,rbf
560,0.6096096096096096,0.4610356383382699,0.4505494505494505,0.4474833218311479,0.6469163083293519,100.0,1,0.4641588833612782,rbf
590,0.6096096096096096,0.4610356383382699,0.4505494505494505,0.4474833218311479,0.6469163083293519,100.0,8,0.4641588833612782,rbf
469,0.6125375375375375,0.4583677107206519,0.4346153846153845,0.4414519882915685,0.5752627806975633,2.782559402207126,8,0.4641588833612782,poly
289,0.6236486486486486,0.494059829059829,0.3736263736263737,0.4109846401789904,0.5769947443860487,0.01291549665014884,8,0.4641588833612782,poly
443,0.6286786786786788,0.1,0.0076923076923076,0.0142857142857142,0.6193482242395286,2.782559402207126,1,2.782559402207126,rbf
473,0.6286786786786788,0.1,0.0076923076923076,0.0142857142857142,0.6193482242395286,2.782559402207126,8,2.782559402207126,rbf
503,0.6286786786786788,0.1,0.0076923076923076,0.0142857142857142,0.6193482242395286,16.68100537200059,1,2.782559402207126,rbf
533,0.6286786786786788,0.1,0.0076923076923076,0.0142857142857142,0.6193482242395286,16.68100537200059,8,2.782559402207126,rbf
563,0.6286786786786788,0.1,0.0076923076923076,0.0142857142857142,0.6193482242395286,100.0,1,2.782559402207126,rbf
593,0.6286786786786788,0.1,0.0076923076923076,0.0142857142857142,0.6193482242395286,100.0,8,2.782559402207126,rbf
349,0.629054054054054,0.5034654818865345,0.3813186813186813,0.4183593978908624,0.6040332855550247,0.0774263682681127,8,0.4641588833612782,poly
409,0.6316816816816817,0.4844125319125319,0.3829670329670329,0.4227153426283861,0.5845735785953178,0.4641588833612782,8,0.4641588833612782,poly
380,0.6343093093093094,0.5,0.0824175824175824,0.1366223155929038,0.7010789934702977,0.4641588833612782,1,0.4641588833612782,rbf
410,0.6343093093093094,0.5,0.0824175824175824,0.1366223155929038,0.7010789934702977,0.4641588833612782,8,0.4641588833612782,rbf
31,0.6368618618618619,0.0,0.0,0.0,0.5,1e-05,8,1e-05,poly
34,0.6368618618618619,0.0,0.0,0.0,0.5,1e-05,8,5.994842503189409e-05,poly
37,0.6368618618618619,0.0,0.0,0.0,0.5,1e-05,8,0.00035938136638046257,poly
91,0.6368618618618619,0.0,0.0,0.0,0.5,5.994842503189409e-05,8,1e-05,poly
94,0.6368618618618619,0.0,0.0,0.0,0.5,5.994842503189409e-05,8,5.994842503189409e-05,poly
97,0.6368618618618619,0.0,0.0,0.0,0.5,5.994842503189409e-05,8,0.00035938136638046257,poly
151,0.6368618618618619,0.0,0.0,0.0,0.5,0.00035938136638046257,8,1e-05,poly
154,0.6368618618618619,0.0,0.0,0.0,0.5,0.00035938136638046257,8,5.994842503189409e-05,poly
157,0.6368618618618619,0.0,0.0,0.0,0.5,0.00035938136638046257,8,0.00035938136638046257,poly
211,0.6368618618618619,0.0,0.0,0.0,0.5,0.0021544346900318843,8,1e-05,poly
214,0.6368618618618619,0.0,0.0,0.0,0.5,0.0021544346900318843,8,5.994842503189409e-05,poly
217,0.6368618618618619,0.0,0.0,0.0,0.5,0.0021544346900318843,8,0.00035938136638046257,poly
271,0.6368618618618619,0.0,0.0,0.0,0.5,0.01291549665014884,8,1e-05,poly
274,0.6368618618618619,0.0,0.0,0.0,0.5,0.01291549665014884,8,5.994842503189409e-05,poly
277,0.6368618618618619,0.0,0.0,0.0,0.5,0.01291549665014884,8,0.00035938136638046257,poly
331,0.6368618618618619,0.0,0.0,0.0,0.5,0.0774263682681127,8,1e-05,poly
334,0.6368618618618619,0.0,0.0,0.0,0.5,0.0774263682681127,8,5.994842503189409e-05,poly
337,0.6368618618618619,0.0,0.0,0.0,0.5,0.0774263682681127,8,0.00035938136638046257,poly
391,0.6368618618618619,0.0,0.0,0.0,0.5,0.4641588833612782,8,1e-05,poly
394,0.6368618618618619,0.0,0.0,0.0,0.5,0.4641588833612782,8,5.994842503189409e-05,poly
451,0.6368618618618619,0.0,0.0,0.0,0.5,2.782559402207126,8,1e-05,poly
454,0.6368618618618619,0.0,0.0,0.0,0.5,2.782559402207126,8,5.994842503189409e-05,poly
511,0.6368618618618619,0.0,0.0,0.0,0.5,16.68100537200059,8,1e-05,poly
514,0.6368618618618619,0.0,0.0,0.0,0.5,16.68100537200059,8,5.994842503189409e-05,poly
571,0.6368618618618619,0.0,0.0,0.0,0.5,100.0,8,1e-05,poly
574,0.6368618618618619,0.0,0.0,0.0,0.5,100.0,8,5.994842503189409e-05,poly
329,0.6368618618618619,0.0,0.0,0.0,0.5022744465679247,0.0774263682681127,1,100.0,rbf
359,0.6368618618618619,0.0,0.0,0.0,0.5022744465679247,0.0774263682681127,8,100.0,rbf
389,0.6368618618618619,0.0,0.0,0.0,0.5022744465679247,0.4641588833612782,1,100.0,rbf
419,0.6368618618618619,0.0,0.0,0.0,0.5022744465679247,0.4641588833612782,8,100.0,rbf
269,0.6368618618618619,0.0,0.0,0.0,0.5051889233954452,0.01291549665014884,1,100.0,rbf
299,0.6368618618618619,0.0,0.0,0.0,0.5051889233954452,0.01291549665014884,8,100.0,rbf
449,0.6368618618618619,0.0,0.0,0.0,0.5064411132345914,2.782559402207126,1,100.0,rbf
479,0.6368618618618619,0.0,0.0,0.0,0.5064411132345914,2.782559402207126,8,100.0,rbf
509,0.6368618618618619,0.0,0.0,0.0,0.5064411132345914,16.68100537200059,1,100.0,rbf
539,0.6368618618618619,0.0,0.0,0.0,0.5064411132345914,16.68100537200059,8,100.0,rbf
569,0.6368618618618619,0.0,0.0,0.0,0.5064411132345914,100.0,1,100.0,rbf
599,0.6368618618618619,0.0,0.0,0.0,0.5064411132345914,100.0,8,100.0,rbf
397,0.6368618618618619,0.0,0.0,0.0,0.5089056776556776,0.4641588833612782,8,0.00035938136638046257,poly
29,0.6368618618618619,0.0,0.0,0.0,0.5107789855072463,1e-05,1,100.0,rbf
59,0.6368618618618619,0.0,0.0,0.0,0.5107789855072463,1e-05,8,100.0,rbf
89,0.6368618618618619,0.0,0.0,0.0,0.5107789855072463,5.994842503189409e-05,1,100.0,rbf
119,0.6368618618618619,0.0,0.0,0.0,0.5107789855072463,5.994842503189409e-05,8,100.0,rbf
149,0.6368618618618619,0.0,0.0,0.0,0.5107789855072463,0.00035938136638046257,1,100.0,rbf
179,0.6368618618618619,0.0,0.0,0.0,0.5107789855072463,0.00035938136638046257,8,100.0,rbf
209,0.6368618618618619,0.0,0.0,0.0,0.5129528985507246,0.0021544346900318843,1,100.0,rbf
239,0.6368618618618619,0.0,0.0,0.0,0.5129528985507246,0.0021544346900318843,8,100.0,rbf
457,0.6368618618618619,0.0,0.0,0.0,0.5142399267399267,2.782559402207126,8,0.00035938136638046257,poly
40,0.6368618618618619,0.0,0.0,0.0,0.535018514094601,1e-05,8,0.0021544346900318843,poly
517,0.6368618618618619,0.0,0.0,0.0,0.535018514094601,16.68100537200059,8,0.00035938136638046257,poly
26,0.6368618618618619,0.0,0.0,0.0,0.5587245182353879,1e-05,1,16.68100537200059,rbf
56,0.6368618618618619,0.0,0.0,0.0,0.5587245182353879,1e-05,8,16.68100537200059,rbf
86,0.6368618618618619,0.0,0.0,0.0,0.5677506370441153,5.994842503189409e-05,1,16.68100537200059,rbf
116,0.6368618618618619,0.0,0.0,0.0,0.5677506370441153,5.994842503189409e-05,8,16.68100537200059,rbf
100,0.6368618618618619,0.0,0.0,0.0,0.5677834846313108,5.994842503189409e-05,8,0.0021544346900318843,poly
577,0.6368618618618619,0.0,0.0,0.0,0.5677834846313108,100.0,8,0.00035938136638046257,poly
146,0.6368618618618619,0.0,0.0,0.0,0.5840559802516324,0.00035938136638046257,1,16.68100537200059,rbf
176,0.6368618618618619,0.0,0.0,0.0,0.5840559802516324,0.00035938136638046257,8,16.68100537200059,rbf
23,0.6368618618618619,0.0,0.0,0.0,0.5966435738174869,1e-05,1,2.782559402207126,rbf
53,0.6368618618618619,0.0,0.0,0.0,0.5966435738174869,1e-05,8,2.782559402207126,rbf
83,0.6368618618618619,0.0,0.0,0.0,0.596954132823698,5.994842503189409e-05,1,2.782559402207126,rbf
113,0.6368618618618619,0.0,0.0,0.0,0.596954132823698,5.994842503189409e-05,8,2.782559402207126,rbf
143,0.6368618618618619,0.0,0.0,0.0,0.596954132823698,0.00035938136638046257,1,2.782559402207126,rbf
173,0.6368618618618619,0.0,0.0,0.0,0.596954132823698,0.00035938136638046257,8,2.782559402207126,rbf
103,0.6368618618618619,0.0,0.0,0.0,0.6063584965758878,5.994842503189409e-05,8,0.01291549665014884,poly
163,0.6368618618618619,0.0,0.0,0.0,0.6063584965758878,0.00035938136638046257,8,0.01291549665014884,poly
223,0.6368618618618619,0.0,0.0,0.0,0.6063584965758878,0.0021544346900318843,8,0.01291549665014884,poly
283,0.6368618618618619,0.0,0.0,0.0,0.6063584965758878,0.01291549665014884,8,0.01291549665014884,poly
343,0.6368618618618619,0.0,0.0,0.0,0.6063584965758878,0.0774263682681127,8,0.01291549665014884,poly
403,0.6368618618618619,0.0,0.0,0.0,0.6063584965758878,0.4641588833612782,8,0.01291549665014884,poly
580,0.6368618618618619,0.0,0.0,0.0,0.6063584965758878,100.0,8,0.0021544346900318843,poly
43,0.6368618618618619,0.0,0.0,0.0,0.612494027711419,1e-05,8,0.01291549665014884,poly
520,0.6368618618618619,0.0,0.0,0.0,0.612494027711419,16.68100537200059,8,0.0021544346900318843,poly
160,0.6368618618618619,0.0,0.0,0.0,0.6159698996655518,0.00035938136638046257,8,0.0021544346900318843,poly
323,0.6368618618618619,0.0,0.0,0.0,0.6190177576047142,0.0774263682681127,1,2.782559402207126,rbf
353,0.6368618618618619,0.0,0.0,0.0,0.6190177576047142,0.0774263682681127,8,2.782559402207126,rbf
383,0.6368618618618619,0.0,0.0,0.0,0.6190277114190158,0.4641588833612782,1,2.782559402207126,rbf
413,0.6368618618618619,0.0,0.0,0.0,0.6190277114190158,0.4641588833612782,8,2.782559402207126,rbf
263,0.6368618618618619,0.0,0.0,0.0,0.6190376652333175,0.01291549665014884,1,2.782559402207126,rbf
293,0.6368618618618619,0.0,0.0,0.0,0.6190376652333175,0.01291549665014884,8,2.782559402207126,rbf
340,0.6368618618618619,0.0,0.0,0.0,0.6234601449275363,0.0774263682681127,8,0.0021544346900318843,poly
463,0.6368618618618619,0.0,0.0,0.0,0.624792960662526,2.782559402207126,8,0.01291549665014884,poly
400,0.6368618618618619,0.0,0.0,0.0,0.6256489886924669,0.4641588833612782,8,0.0021544346900318843,poly
206,0.6368618618618619,0.0,0.0,0.0,0.6258182035355949,0.0021544346900318843,1,16.68100537200059,rbf
236,0.6368618618618619,0.0,0.0,0.0,0.6258182035355949,0.0021544346900318843,8,16.68100537200059,rbf
446,0.6368618618618619,0.0,0.0,0.0,0.6266164994425865,2.782559402207126,1,16.68100537200059,rbf
476,0.6368618618618619,0.0,0.0,0.0,0.6266164994425865,2.782559402207126,8,16.68100537200059,rbf
506,0.6368618618618619,0.0,0.0,0.0,0.6266164994425865,16.68100537200059,1,16.68100537200059,rbf
536,0.6368618618618619,0.0,0.0,0.0,0.6266164994425865,16.68100537200059,8,16.68100537200059,rbf
566,0.6368618618618619,0.0,0.0,0.0,0.6266164994425865,100.0,1,16.68100537200059,rbf
596,0.6368618618618619,0.0,0.0,0.0,0.6266164994425865,100.0,8,16.68100537200059,rbf
460,0.6368618618618619,0.0,0.0,0.0,0.6281354515050168,2.782559402207126,8,0.0021544346900318843,poly
386,0.6368618618618619,0.0,0.0,0.0,0.628349458512502,0.4641588833612782,1,16.68100537200059,rbf
416,0.6368618618618619,0.0,0.0,0.0,0.628349458512502,0.4641588833612782,8,16.68100537200059,rbf
326,0.6368618618618619,0.0,0.0,0.0,0.6284848303870044,0.0774263682681127,1,16.68100537200059,rbf
356,0.6368618618618619,0.0,0.0,0.0,0.6284848303870044,0.0774263682681127,8,16.68100537200059,rbf
203,0.6368618618618619,0.0,0.0,0.0,0.6295409300844084,0.0021544346900318843,1,2.782559402207126,rbf
233,0.6368618618618619,0.0,0.0,0.0,0.6295409300844084,0.0021544346900318843,8,2.782559402207126,rbf
266,0.6368618618618619,0.0,0.0,0.0,0.6306079789775441,0.01291549665014884,1,16.68100537200059,rbf
296,0.6368618618618619,0.0,0.0,0.0,0.6306079789775441,0.01291549665014884,8,16.68100537200059,rbf
523,0.6368618618618619,0.0,0.0,0.0,0.6352106227106228,16.68100537200059,8,0.01291549665014884,poly
46,0.6368618618618619,0.0,0.0,0.0,0.6358317407230452,1e-05,8,0.0774263682681127,poly
280,0.6368618618618619,0.0,0.0,0.0,0.6421494266602963,0.01291549665014884,8,0.0021544346900318843,poly
220,0.6368618618618619,0.0,0.0,0.0,0.6462464166268516,0.0021544346900318843,8,0.0021544346900318843,poly
106,0.6368618618618619,0.0,0.0,0.0,0.6547678770504858,5.994842503189409e-05,8,0.0774263682681127,poly
583,0.6368618618618619,0.0,0.0,0.0,0.6557294155120242,100.0,8,0.01291549665014884,poly
166,0.6368618618618619,0.0,0.0,0.0,0.6715161649944259,0.00035938136638046257,8,0.0774263682681127,poly
140,0.6368618618618619,0.0,0.0,0.0,0.6914277751234272,0.00035938136638046257,1,0.4641588833612782,rbf
170,0.6368618618618619,0.0,0.0,0.0,0.6914277751234272,0.00035938136638046257,8,0.4641588833612782,rbf
80,0.6368618618618619,0.0,0.0,0.0,0.6917622232839624,5.994842503189409e-05,1,0.4641588833612782,rbf
110,0.6368618618618619,0.0,0.0,0.0,0.6917622232839624,5.994842503189409e-05,8,0.4641588833612782,rbf
20,0.6368618618618619,0.0,0.0,0.0,0.6920827361044752,1e-05,1,0.4641588833612782,rbf
50,0.6368618618618619,0.0,0.0,0.0,0.6920827361044752,1e-05,8,0.4641588833612782,rbf
320,0.6368618618618619,0.0,0.0,0.0,0.7013995062908107,0.0774263682681127,1,0.4641588833612782,rbf
350,0.6368618618618619,0.0,0.0,0.0,0.7013995062908107,0.0774263682681127,8,0.4641588833612782,rbf
260,0.6368618618618619,0.0,0.0,0.0,0.702992116579073,0.01291549665014884,1,0.4641588833612782,rbf
290,0.6368618618618619,0.0,0.0,0.0,0.702992116579073,0.01291549665014884,8,0.4641588833612782,rbf
200,0.6368618618618619,0.0,0.0,0.0,0.7030558209906037,0.0021544346900318843,1,0.4641588833612782,rbf
230,0.6368618618618619,0.0,0.0,0.0,0.7030558209906037,0.0021544346900318843,8,0.4641588833612782,rbf
137,0.6368618618618619,0.0,0.0,0.0,0.7437370600414079,0.00035938136638046257,1,0.0774263682681127,rbf
167,0.6368618618618619,0.0,0.0,0.0,0.7437370600414079,0.00035938136638046257,8,0.0774263682681127,rbf
17,0.6368618618618619,0.0,0.0,0.0,0.7458771301162606,1e-05,1,0.0774263682681127,rbf
47,0.6368618618618619,0.0,0.0,0.0,0.7458771301162606,1e-05,8,0.0774263682681127,rbf
77,0.6368618618618619,0.0,0.0,0.0,0.7458771301162606,5.994842503189409e-05,1,0.0774263682681127,rbf
107,0.6368618618618619,0.0,0.0,0.0,0.7458771301162606,5.994842503189409e-05,8,0.0774263682681127,rbf
257,0.6368618618618619,0.0,0.0,0.0,0.7482142857142857,0.01291549665014884,1,0.0774263682681127,rbf
287,0.6368618618618619,0.0,0.0,0.0,0.7482142857142857,0.01291549665014884,8,0.0774263682681127,rbf
197,0.6368618618618619,0.0,0.0,0.0,0.7482441471571908,0.0021544346900318843,1,0.0774263682681127,rbf
227,0.6368618618618619,0.0,0.0,0.0,0.7482441471571908,0.0021544346900318843,8,0.0774263682681127,rbf
317,0.6368618618618619,0.0,0.0,0.0,0.7485208631947763,0.0774263682681127,1,0.0774263682681127,rbf
347,0.6368618618618619,0.0,0.0,0.0,0.7485208631947763,0.0774263682681127,8,0.0774263682681127,rbf
302,0.6368618618618619,0.0,0.0,0.0,0.7583910654562829,0.0774263682681127,1,1e-05,rbf
332,0.6368618618618619,0.0,0.0,0.0,0.7583910654562829,0.0774263682681127,8,1e-05,rbf
5,0.6368618618618619,0.0,0.0,0.0,0.7586817168338909,1e-05,1,5.994842503189409e-05,rbf
35,0.6368618618618619,0.0,0.0,0.0,0.7586817168338909,1e-05,8,5.994842503189409e-05,rbf
65,0.6368618618618619,0.0,0.0,0.0,0.7586817168338909,5.994842503189409e-05,1,5.994842503189409e-05,rbf
95,0.6368618618618619,0.0,0.0,0.0,0.7586817168338909,5.994842503189409e-05,8,5.994842503189409e-05,rbf
125,0.6368618618618619,0.0,0.0,0.0,0.7586817168338909,0.00035938136638046257,1,5.994842503189409e-05,rbf
155,0.6368618618618619,0.0,0.0,0.0,0.7586817168338909,0.00035938136638046257,8,5.994842503189409e-05,rbf
185,0.6368618618618619,0.0,0.0,0.0,0.7586817168338909,0.0021544346900318843,1,5.994842503189409e-05,rbf
215,0.6368618618618619,0.0,0.0,0.0,0.7586817168338909,0.0021544346900318843,8,5.994842503189409e-05,rbf
245,0.6368618618618619,0.0,0.0,0.0,0.7586817168338909,0.01291549665014884,1,5.994842503189409e-05,rbf
275,0.6368618618618619,0.0,0.0,0.0,0.7586817168338909,0.01291549665014884,8,5.994842503189409e-05,rbf
2,0.6368618618618619,0.0,0.0,0.0,0.7587016244624941,1e-05,1,1e-05,rbf
32,0.6368618618618619,0.0,0.0,0.0,0.7587016244624941,1e-05,8,1e-05,rbf
62,0.6368618618618619,0.0,0.0,0.0,0.7587016244624941,5.994842503189409e-05,1,1e-05,rbf
92,0.6368618618618619,0.0,0.0,0.0,0.7587016244624941,5.994842503189409e-05,8,1e-05,rbf
122,0.6368618618618619,0.0,0.0,0.0,0.7587016244624941,0.00035938136638046257,1,1e-05,rbf
152,0.6368618618618619,0.0,0.0,0.0,0.7587016244624941,0.00035938136638046257,8,1e-05,rbf
242,0.6368618618618619,0.0,0.0,0.0,0.7587016244624941,0.01291549665014884,1,1e-05,rbf
272,0.6368618618618619,0.0,0.0,0.0,0.7587016244624941,0.01291549665014884,8,1e-05,rbf
182,0.6368618618618619,0.0,0.0,0.0,0.7587115782767958,0.0021544346900318843,1,1e-05,rbf
212,0.6368618618618619,0.0,0.0,0.0,0.7587115782767958,0.0021544346900318843,8,1e-05,rbf
305,0.6368618618618619,0.0,0.0,0.0,0.7599020544672719,0.0774263682681127,1,5.994842503189409e-05,rbf
335,0.6368618618618619,0.0,0.0,0.0,0.7599020544672719,0.0774263682681127,8,5.994842503189409e-05,rbf
1,0.6368618618618619,0.0,0.0,0.0,0.7603021978021978,1e-05,1,1e-05,poly
4,0.6368618618618619,0.0,0.0,0.0,0.7603021978021978,1e-05,1,5.994842503189409e-05,poly
7,0.6368618618618619,0.0,0.0,0.0,0.7603021978021978,1e-05,1,0.00035938136638046257,poly
10,0.6368618618618619,0.0,0.0,0.0,0.7603021978021978,1e-05,1,0.0021544346900318843,poly
13,0.6368618618618619,0.0,0.0,0.0,0.7603021978021978,1e-05,1,0.01291549665014884,poly
16,0.6368618618618619,0.0,0.0,0.0,0.7603021978021978,1e-05,1,0.0774263682681127,poly
19,0.6368618618618619,0.0,0.0,0.0,0.7603021978021978,1e-05,1,0.4641588833612782,poly
61,0.6368618618618619,0.0,0.0,0.0,0.7603021978021978,5.994842503189409e-05,1,1e-05,poly
64,0.6368618618618619,0.0,0.0,0.0,0.7603021978021978,5.994842503189409e-05,1,5.994842503189409e-05,poly
67,0.6368618618618619,0.0,0.0,0.0,0.7603021978021978,5.994842503189409e-05,1,0.00035938136638046257,poly
70,0.6368618618618619,0.0,0.0,0.0,0.7603021978021978,5.994842503189409e-05,1,0.0021544346900318843,poly
73,0.6368618618618619,0.0,0.0,0.0,0.7603021978021978,5.994842503189409e-05,1,0.01291549665014884,poly
76,0.6368618618618619,0.0,0.0,0.0,0.7603021978021978,5.994842503189409e-05,1,0.0774263682681127,poly
121,0.6368618618618619,0.0,0.0,0.0,0.7603021978021978,0.00035938136638046257,1,1e-05,poly
124,0.6368618618618619,0.0,0.0,0.0,0.7603021978021978,0.00035938136638046257,1,5.994842503189409e-05,poly
127,0.6368618618618619,0.0,0.0,0.0,0.7603021978021978,0.00035938136638046257,1,0.00035938136638046257,poly
130,0.6368618618618619,0.0,0.0,0.0,0.7603021978021978,0.00035938136638046257,1,0.0021544346900318843,poly
133,0.6368618618618619,0.0,0.0,0.0,0.7603021978021978,0.00035938136638046257,1,0.01291549665014884,poly
181,0.6368618618618619,0.0,0.0,0.0,0.7603021978021978,0.0021544346900318843,1,1e-05,poly
184,0.6368618618618619,0.0,0.0,0.0,0.7603021978021978,0.0021544346900318843,1,5.994842503189409e-05,poly
187,0.6368618618618619,0.0,0.0,0.0,0.7603021978021978,0.0021544346900318843,1,0.00035938136638046257,poly
190,0.6368618618618619,0.0,0.0,0.0,0.7603021978021978,0.0021544346900318843,1,0.0021544346900318843,poly
241,0.6368618618618619,0.0,0.0,0.0,0.7603021978021978,0.01291549665014884,1,1e-05,poly
244,0.6368618618618619,0.0,0.0,0.0,0.7603021978021978,0.01291549665014884,1,5.994842503189409e-05,poly
247,0.6368618618618619,0.0,0.0,0.0,0.7603021978021978,0.01291549665014884,1,0.00035938136638046257,poly
301,0.6368618618618619,0.0,0.0,0.0,0.7603021978021978,0.0774263682681127,1,1e-05,poly
304,0.6368618618618619,0.0,0.0,0.0,0.7603021978021978,0.0774263682681127,1,5.994842503189409e-05,poly
361,0.6368618618618619,0.0,0.0,0.0,0.7603021978021978,0.4641588833612782,1,1e-05,poly
248,0.6368618618618619,0.0,0.0,0.0,0.7621516164994426,0.01291549665014884,1,0.00035938136638046257,rbf
278,0.6368618618618619,0.0,0.0,0.0,0.7621516164994426,0.01291549665014884,8,0.00035938136638046257,rbf
362,0.6368618618618619,0.0,0.0,0.0,0.7621794871794872,0.4641588833612782,1,1e-05,rbf
392,0.6368618618618619,0.0,0.0,0.0,0.7621794871794872,0.4641588833612782,8,1e-05,rbf
8,0.6368618618618619,0.0,0.0,0.0,0.7628404204491162,1e-05,1,0.00035938136638046257,rbf
38,0.6368618618618619,0.0,0.0,0.0,0.7628404204491162,1e-05,8,0.00035938136638046257,rbf
68,0.6368618618618619,0.0,0.0,0.0,0.7628404204491162,5.994842503189409e-05,1,0.00035938136638046257,rbf
98,0.6368618618618619,0.0,0.0,0.0,0.7628404204491162,5.994842503189409e-05,8,0.00035938136638046257,rbf
128,0.6368618618618619,0.0,0.0,0.0,0.7628404204491162,0.00035938136638046257,1,0.00035938136638046257,rbf
158,0.6368618618618619,0.0,0.0,0.0,0.7628404204491162,0.00035938136638046257,8,0.00035938136638046257,rbf
188,0.6368618618618619,0.0,0.0,0.0,0.7628404204491162,0.0021544346900318843,1,0.00035938136638046257,rbf
218,0.6368618618618619,0.0,0.0,0.0,0.7628404204491162,0.0021544346900318843,8,0.00035938136638046257,rbf
0,0.6368618618618619,0.0,0.0,0.0,0.763137044115305,1e-05,1,1e-05,linear
3,0.6368618618618619,0.0,0.0,0.0,0.763137044115305,1e-05,1,5.994842503189409e-05,linear
6,0.6368618618618619,0.0,0.0,0.0,0.763137044115305,1e-05,1,0.00035938136638046257,linear
9,0.6368618618618619,0.0,0.0,0.0,0.763137044115305,1e-05,1,0.0021544346900318843,linear
12,0.6368618618618619,0.0,0.0,0.0,0.763137044115305,1e-05,1,0.01291549665014884,linear
15,0.6368618618618619,0.0,0.0,0.0,0.763137044115305,1e-05,1,0.0774263682681127,linear
18,0.6368618618618619,0.0,0.0,0.0,0.763137044115305,1e-05,1,0.4641588833612782,linear
21,0.6368618618618619,0.0,0.0,0.0,0.763137044115305,1e-05,1,2.782559402207126,linear
24,0.6368618618618619,0.0,0.0,0.0,0.763137044115305,1e-05,1,16.68100537200059,linear
27,0.6368618618618619,0.0,0.0,0.0,0.763137044115305,1e-05,1,100.0,linear
30,0.6368618618618619,0.0,0.0,0.0,0.763137044115305,1e-05,8,1e-05,linear
33,0.6368618618618619,0.0,0.0,0.0,0.763137044115305,1e-05,8,5.994842503189409e-05,linear
36,0.6368618618618619,0.0,0.0,0.0,0.763137044115305,1e-05,8,0.00035938136638046257,linear
39,0.6368618618618619,0.0,0.0,0.0,0.763137044115305,1e-05,8,0.0021544346900318843,linear
42,0.6368618618618619,0.0,0.0,0.0,0.763137044115305,1e-05,8,0.01291549665014884,linear
45,0.6368618618618619,0.0,0.0,0.0,0.763137044115305,1e-05,8,0.0774263682681127,linear
48,0.6368618618618619,0.0,0.0,0.0,0.763137044115305,1e-05,8,0.4641588833612782,linear
51,0.6368618618618619,0.0,0.0,0.0,0.763137044115305,1e-05,8,2.782559402207126,linear
54,0.6368618618618619,0.0,0.0,0.0,0.763137044115305,1e-05,8,16.68100537200059,linear
57,0.6368618618618619,0.0,0.0,0.0,0.763137044115305,1e-05,8,100.0,linear
11,0.6368618618618619,0.0,0.0,0.0,0.7634296862557732,1e-05,1,0.0021544346900318843,rbf
41,0.6368618618618619,0.0,0.0,0.0,0.7634296862557732,1e-05,8,0.0021544346900318843,rbf
71,0.6368618618618619,0.0,0.0,0.0,0.7634296862557732,5.994842503189409e-05,1,0.0021544346900318843,rbf
101,0.6368618618618619,0.0,0.0,0.0,0.7634296862557732,5.994842503189409e-05,8,0.0021544346900318843,rbf
131,0.6368618618618619,0.0,0.0,0.0,0.7634296862557732,0.00035938136638046257,1,0.0021544346900318843,rbf
161,0.6368618618618619,0.0,0.0,0.0,0.7634296862557732,0.00035938136638046257,8,0.0021544346900318843,rbf
251,0.6368618618618619,0.0,0.0,0.0,0.7637521898391464,0.01291549665014884,1,0.0021544346900318843,rbf
281,0.6368618618618619,0.0,0.0,0.0,0.7637521898391464,0.01291549665014884,8,0.0021544346900318843,rbf
74,0.6368618618618619,0.0,0.0,0.0,0.7640607580824972,5.994842503189409e-05,1,0.01291549665014884,rbf
104,0.6368618618618619,0.0,0.0,0.0,0.7640607580824972,5.994842503189409e-05,8,0.01291549665014884,rbf
134,0.6368618618618619,0.0,0.0,0.0,0.7640607580824972,0.00035938136638046257,1,0.01291549665014884,rbf
164,0.6368618618618619,0.0,0.0,0.0,0.7640607580824972,0.00035938136638046257,8,0.01291549665014884,rbf
22,0.6368618618618619,0.0,0.0,0.0,0.7644171046344959,1e-05,1,2.782559402207126,poly
79,0.6368618618618619,0.0,0.0,0.0,0.7644171046344959,5.994842503189409e-05,1,0.4641588833612782,poly
136,0.6368618618618619,0.0,0.0,0.0,0.7644171046344959,0.00035938136638046257,1,0.0774263682681127,poly
193,0.6368618618618619,0.0,0.0,0.0,0.7644171046344959,0.0021544346900318843,1,0.01291549665014884,poly
250,0.6368618618618619,0.0,0.0,0.0,0.7644171046344959,0.01291549665014884,1,0.0021544346900318843,poly
307,0.6368618618618619,0.0,0.0,0.0,0.7644171046344959,0.0774263682681127,1,0.00035938136638046257,poly
364,0.6368618618618619,0.0,0.0,0.0,0.7644171046344959,0.4641588833612782,1,5.994842503189409e-05,poly
421,0.6368618618618619,0.0,0.0,0.0,0.7644171046344959,2.782559402207126,1,1e-05,poly
14,0.6368618618618619,0.0,0.0,0.0,0.7647017837235229,1e-05,1,0.01291549665014884,rbf
44,0.6368618618618619,0.0,0.0,0.0,0.7647017837235229,1e-05,8,0.01291549665014884,rbf
422,0.6368618618618619,0.0,0.0,0.0,0.7657230450708712,2.782559402207126,1,1e-05,rbf
452,0.6368618618618619,0.0,0.0,0.0,0.7657230450708712,2.782559402207126,8,1e-05,rbf
365,0.6368618618618619,0.0,0.0,0.0,0.7659758719541327,0.4641588833612782,1,5.994842503189409e-05,rbf
395,0.6368618618618619,0.0,0.0,0.0,0.7659758719541327,0.4641588833612782,8,5.994842503189409e-05,rbf
60,0.6368618618618619,0.0,0.0,0.0,0.7663063385889474,5.994842503189409e-05,1,1e-05,linear
63,0.6368618618618619,0.0,0.0,0.0,0.7663063385889474,5.994842503189409e-05,1,5.994842503189409e-05,linear
66,0.6368618618618619,0.0,0.0,0.0,0.7663063385889474,5.994842503189409e-05,1,0.00035938136638046257,linear
69,0.6368618618618619,0.0,0.0,0.0,0.7663063385889474,5.994842503189409e-05,1,0.0021544346900318843,linear
72,0.6368618618618619,0.0,0.0,0.0,0.7663063385889474,5.994842503189409e-05,1,0.01291549665014884,linear
75,0.6368618618618619,0.0,0.0,0.0,0.7663063385889474,5.994842503189409e-05,1,0.0774263682681127,linear
78,0.6368618618618619,0.0,0.0,0.0,0.7663063385889474,5.994842503189409e-05,1,0.4641588833612782,linear
81,0.6368618618618619,0.0,0.0,0.0,0.7663063385889474,5.994842503189409e-05,1,2.782559402207126,linear
84,0.6368618618618619,0.0,0.0,0.0,0.7663063385889474,5.994842503189409e-05,1,16.68100537200059,linear
87,0.6368618618618619,0.0,0.0,0.0,0.7663063385889474,5.994842503189409e-05,1,100.0,linear
90,0.6368618618618619,0.0,0.0,0.0,0.7663063385889474,5.994842503189409e-05,8,1e-05,linear
93,0.6368618618618619,0.0,0.0,0.0,0.7663063385889474,5.994842503189409e-05,8,5.994842503189409e-05,linear
96,0.6368618618618619,0.0,0.0,0.0,0.7663063385889474,5.994842503189409e-05,8,0.00035938136638046257,linear
99,0.6368618618618619,0.0,0.0,0.0,0.7663063385889474,5.994842503189409e-05,8,0.0021544346900318843,linear
102,0.6368618618618619,0.0,0.0,0.0,0.7663063385889474,5.994842503189409e-05,8,0.01291549665014884,linear
105,0.6368618618618619,0.0,0.0,0.0,0.7663063385889474,5.994842503189409e-05,8,0.0774263682681127,linear
108,0.6368618618618619,0.0,0.0,0.0,0.7663063385889474,5.994842503189409e-05,8,0.4641588833612782,linear
111,0.6368618618618619,0.0,0.0,0.0,0.7663063385889474,5.994842503189409e-05,8,2.782559402207126,linear
114,0.6368618618618619,0.0,0.0,0.0,0.7663063385889474,5.994842503189409e-05,8,16.68100537200059,linear
117,0.6368618618618619,0.0,0.0,0.0,0.7663063385889474,5.994842503189409e-05,8,100.0,linear
425,0.6368618618618619,0.0,0.0,0.0,0.7665571747093486,2.782559402207126,1,5.994842503189409e-05,rbf
455,0.6368618618618619,0.0,0.0,0.0,0.7665571747093486,2.782559402207126,8,5.994842503189409e-05,rbf
482,0.6368618618618619,0.0,0.0,0.0,0.7665571747093486,16.68100537200059,1,1e-05,rbf
512,0.6368618618618619,0.0,0.0,0.0,0.7665571747093486,16.68100537200059,8,1e-05,rbf
191,0.6368618618618619,0.0,0.0,0.0,0.7665651377607899,0.0021544346900318843,1,0.0021544346900318843,rbf
221,0.6368618618618619,0.0,0.0,0.0,0.7665651377607899,0.0021544346900318843,8,0.0021544346900318843,rbf
120,0.6368618618618619,0.0,0.0,0.0,0.7668916228698837,0.00035938136638046257,1,1e-05,linear
123,0.6368618618618619,0.0,0.0,0.0,0.7668916228698837,0.00035938136638046257,1,5.994842503189409e-05,linear
126,0.6368618618618619,0.0,0.0,0.0,0.7668916228698837,0.00035938136638046257,1,0.00035938136638046257,linear
129,0.6368618618618619,0.0,0.0,0.0,0.7668916228698837,0.00035938136638046257,1,0.0021544346900318843,linear
132,0.6368618618618619,0.0,0.0,0.0,0.7668916228698837,0.00035938136638046257,1,0.01291549665014884,linear
135,0.6368618618618619,0.0,0.0,0.0,0.7668916228698837,0.00035938136638046257,1,0.0774263682681127,linear
138,0.6368618618618619,0.0,0.0,0.0,0.7668916228698837,0.00035938136638046257,1,0.4641588833612782,linear
141,0.6368618618618619,0.0,0.0,0.0,0.7668916228698837,0.00035938136638046257,1,2.782559402207126,linear
144,0.6368618618618619,0.0,0.0,0.0,0.7668916228698837,0.00035938136638046257,1,16.68100537200059,linear
147,0.6368618618618619,0.0,0.0,0.0,0.7668916228698837,0.00035938136638046257,1,100.0,linear
150,0.6368618618618619,0.0,0.0,0.0,0.7668916228698837,0.00035938136638046257,8,1e-05,linear
153,0.6368618618618619,0.0,0.0,0.0,0.7668916228698837,0.00035938136638046257,8,5.994842503189409e-05,linear
156,0.6368618618618619,0.0,0.0,0.0,0.7668916228698837,0.00035938136638046257,8,0.00035938136638046257,linear
159,0.6368618618618619,0.0,0.0,0.0,0.7668916228698837,0.00035938136638046257,8,0.0021544346900318843,linear
162,0.6368618618618619,0.0,0.0,0.0,0.7668916228698837,0.00035938136638046257,8,0.01291549665014884,linear
165,0.6368618618618619,0.0,0.0,0.0,0.7668916228698837,0.00035938136638046257,8,0.0774263682681127,linear
168,0.6368618618618619,0.0,0.0,0.0,0.7668916228698837,0.00035938136638046257,8,0.4641588833612782,linear
171,0.6368618618618619,0.0,0.0,0.0,0.7668916228698837,0.00035938136638046257,8,2.782559402207126,linear
174,0.6368618618618619,0.0,0.0,0.0,0.7668916228698837,0.00035938136638046257,8,16.68100537200059,linear
177,0.6368618618618619,0.0,0.0,0.0,0.7668916228698837,0.00035938136638046257,8,100.0,linear
180,0.6368618618618619,0.0,0.0,0.0,0.7674649625736583,0.0021544346900318843,1,1e-05,linear
183,0.6368618618618619,0.0,0.0,0.0,0.7674649625736583,0.0021544346900318843,1,5.994842503189409e-05,linear
186,0.6368618618618619,0.0,0.0,0.0,0.7674649625736583,0.0021544346900318843,1,0.00035938136638046257,linear
189,0.6368618618618619,0.0,0.0,0.0,0.7674649625736583,0.0021544346900318843,1,0.0021544346900318843,linear
192,0.6368618618618619,0.0,0.0,0.0,0.7674649625736583,0.0021544346900318843,1,0.01291549665014884,linear
195,0.6368618618618619,0.0,0.0,0.0,0.7674649625736583,0.0021544346900318843,1,0.0774263682681127,linear
198,0.6368618618618619,0.0,0.0,0.0,0.7674649625736583,0.0021544346900318843,1,0.4641588833612782,linear
201,0.6368618618618619,0.0,0.0,0.0,0.7674649625736583,0.0021544346900318843,1,2.782559402207126,linear
204,0.6368618618618619,0.0,0.0,0.0,0.7674649625736583,0.0021544346900318843,1,16.68100537200059,linear
207,0.6368618618618619,0.0,0.0,0.0,0.7674649625736583,0.0021544346900318843,1,100.0,linear
210,0.6368618618618619,0.0,0.0,0.0,0.7674649625736583,0.0021544346900318843,8,1e-05,linear
213,0.6368618618618619,0.0,0.0,0.0,0.7674649625736583,0.0021544346900318843,8,5.994842503189409e-05,linear
216,0.6368618618618619,0.0,0.0,0.0,0.7674649625736583,0.0021544346900318843,8,0.00035938136638046257,linear
219,0.6368618618618619,0.0,0.0,0.0,0.7674649625736583,0.0021544346900318843,8,0.0021544346900318843,linear
222,0.6368618618618619,0.0,0.0,0.0,0.7674649625736583,0.0021544346900318843,8,0.01291549665014884,linear
225,0.6368618618618619,0.0,0.0,0.0,0.7674649625736583,0.0021544346900318843,8,0.0774263682681127,linear
228,0.6368618618618619,0.0,0.0,0.0,0.7674649625736583,0.0021544346900318843,8,0.4641588833612782,linear
231,0.6368618618618619,0.0,0.0,0.0,0.7674649625736583,0.0021544346900318843,8,2.782559402207126,linear
234,0.6368618618618619,0.0,0.0,0.0,0.7674649625736583,0.0021544346900318843,8,16.68100537200059,linear
237,0.6368618618618619,0.0,0.0,0.0,0.7674649625736583,0.0021544346900318843,8,100.0,linear
542,0.6368618618618619,0.0,0.0,0.0,0.7674649625736583,100.0,1,1e-05,rbf
572,0.6368618618618619,0.0,0.0,0.0,0.7674649625736583,100.0,8,1e-05,rbf
25,0.6368618618618619,0.0,0.0,0.0,0.7674988055422838,1e-05,1,16.68100537200059,poly
28,0.6368618618618619,0.0,0.0,0.0,0.7677994107341932,1e-05,1,100.0,poly
85,0.6368618618618619,0.0,0.0,0.0,0.7677994107341932,5.994842503189409e-05,1,16.68100537200059,poly
142,0.6368618618618619,0.0,0.0,0.0,0.7677994107341932,0.00035938136638046257,1,2.782559402207126,poly
199,0.6368618618618619,0.0,0.0,0.0,0.7677994107341932,0.0021544346900318843,1,0.4641588833612782,poly
256,0.6368618618618619,0.0,0.0,0.0,0.7677994107341932,0.01291549665014884,1,0.0774263682681127,poly
313,0.6368618618618619,0.0,0.0,0.0,0.7677994107341932,0.0774263682681127,1,0.01291549665014884,poly
370,0.6368618618618619,0.0,0.0,0.0,0.7677994107341932,0.4641588833612782,1,0.0021544346900318843,poly
427,0.6368618618618619,0.0,0.0,0.0,0.7677994107341932,2.782559402207126,1,0.00035938136638046257,poly
484,0.6368618618618619,0.0,0.0,0.0,0.7677994107341932,16.68100537200059,1,5.994842503189409e-05,poly
485,0.6368618618618619,0.0,0.0,0.0,0.7677994107341932,16.68100537200059,1,5.994842503189409e-05,rbf
515,0.6368618618618619,0.0,0.0,0.0,0.7677994107341932,16.68100537200059,8,5.994842503189409e-05,rbf
541,0.6368618618618619,0.0,0.0,0.0,0.7677994107341932,100.0,1,1e-05,poly
82,0.6368618618618619,0.0,0.0,0.0,0.7678193183627966,5.994842503189409e-05,1,2.782559402207126,poly
139,0.6368618618618619,0.0,0.0,0.0,0.7678193183627966,0.00035938136638046257,1,0.4641588833612782,poly
196,0.6368618618618619,0.0,0.0,0.0,0.7678193183627966,0.0021544346900318843,1,0.0774263682681127,poly
310,0.6368618618618619,0.0,0.0,0.0,0.7678193183627966,0.0774263682681127,1,0.0021544346900318843,poly
367,0.6368618618618619,0.0,0.0,0.0,0.7678193183627966,0.4641588833612782,1,0.00035938136638046257,poly
424,0.6368618618618619,0.0,0.0,0.0,0.7678193183627966,2.782559402207126,1,5.994842503189409e-05,poly
481,0.6368618618618619,0.0,0.0,0.0,0.7678193183627966,16.68100537200059,1,1e-05,poly
308,0.6368618618618619,0.0,0.0,0.0,0.7678213091256569,0.0774263682681127,1,0.00035938136638046257,rbf
338,0.6368618618618619,0.0,0.0,0.0,0.7678213091256569,0.0774263682681127,8,0.00035938136638046257,rbf
368,0.6368618618618619,0.0,0.0,0.0,0.7681199235547062,0.4641588833612782,1,0.00035938136638046257,rbf
398,0.6368618618618619,0.0,0.0,0.0,0.7681199235547062,0.4641588833612782,8,0.00035938136638046257,rbf
253,0.6368618618618619,0.0,0.0,0.0,0.7681398311833094,0.01291549665014884,1,0.01291549665014884,poly
428,0.6368618618618619,0.0,0.0,0.0,0.7684205287466156,2.782559402207126,1,0.00035938136638046257,rbf
458,0.6368618618618619,0.0,0.0,0.0,0.7684205287466156,2.782559402207126,8,0.00035938136638046257,rbf
371,0.6368618618618619,0.0,0.0,0.0,0.7697503583373149,0.4641588833612782,1,0.0021544346900318843,rbf
401,0.6368618618618619,0.0,0.0,0.0,0.7697503583373149,0.4641588833612782,8,0.0021544346900318843,rbf
194,0.6368618618618619,0.0,0.0,0.0,0.7700848064978499,0.0021544346900318843,1,0.01291549665014884,rbf
224,0.6368618618618619,0.0,0.0,0.0,0.7700848064978499,0.0021544346900318843,8,0.01291549665014884,rbf
314,0.6368618618618619,0.0,0.0,0.0,0.7704730052556139,0.0774263682681127,1,0.01291549665014884,rbf
344,0.6368618618618619,0.0,0.0,0.0,0.7704730052556139,0.0774263682681127,8,0.01291549665014884,rbf
311,0.6368618618618619,0.0,0.0,0.0,0.7710503264851091,0.0774263682681127,1,0.0021544346900318843,rbf
341,0.6368618618618619,0.0,0.0,0.0,0.7710503264851091,0.0774263682681127,8,0.0021544346900318843,rbf
254,0.6368618618618619,0.0,0.0,0.0,0.7717451027233636,0.01291549665014884,1,0.01291549665014884,rbf
284,0.6368618618618619,0.0,0.0,0.0,0.7717451027233636,0.01291549665014884,8,0.01291549665014884,rbf
286,0.6368618618618619,0.1,0.0071428571428571,0.0133333333333333,0.6734810479375696,0.01291549665014884,8,0.0774263682681127,poly
226,0.6368618618618619,0.1,0.0071428571428571,0.0133333333333333,0.6785674470457079,0.0021544346900318843,8,0.0774263682681127,poly
557,0.6421921921921923,0.5083102518396636,0.4412087912087912,0.4643212784361378,0.6288760152890587,100.0,1,0.0774263682681127,rbf
587,0.6421921921921923,0.5083102518396636,0.4412087912087912,0.4643212784361378,0.6288760152890587,100.0,8,0.0774263682681127,rbf
440,0.6474474474474474,0.5275659144776792,0.4197802197802197,0.4579937229187604,0.6677277432712216,2.782559402207126,1,0.4641588833612782,rbf
470,0.6474474474474474,0.5275659144776792,0.4197802197802197,0.4579937229187604,0.6677277432712216,2.782559402207126,8,0.4641588833612782,rbf
346,0.6476726726726728,0.4666666666666667,0.0439560439560439,0.0787675070028011,0.6740703137442268,0.0774263682681127,8,0.0774263682681127,poly
88,0.6476726726726728,0.55,0.0593406593406593,0.1041269841269841,0.7677994107341932,5.994842503189409e-05,1,100.0,poly
145,0.6476726726726728,0.55,0.0593406593406593,0.1041269841269841,0.7677994107341932,0.00035938136638046257,1,16.68100537200059,poly
202,0.6476726726726728,0.55,0.0593406593406593,0.1041269841269841,0.7677994107341932,0.0021544346900318843,1,2.782559402207126,poly
259,0.6476726726726728,0.55,0.0593406593406593,0.1041269841269841,0.7677994107341932,0.01291549665014884,1,0.4641588833612782,poly
316,0.6476726726726728,0.55,0.0593406593406593,0.1041269841269841,0.7677994107341932,0.0774263682681127,1,0.0774263682681127,poly
373,0.6476726726726728,0.55,0.0593406593406593,0.1041269841269841,0.7677994107341932,0.4641588833612782,1,0.01291549665014884,poly
430,0.6476726726726728,0.55,0.0593406593406593,0.1041269841269841,0.7677994107341932,2.782559402207126,1,0.0021544346900318843,poly
487,0.6476726726726728,0.55,0.0593406593406593,0.1041269841269841,0.7677994107341932,16.68100537200059,1,0.00035938136638046257,poly
544,0.6476726726726728,0.55,0.0593406593406593,0.1041269841269841,0.7677994107341932,100.0,1,5.994842503189409e-05,poly
169,0.6505255255255256,0.5463690476190475,0.2983516483516483,0.3716706145741009,0.6074733237776716,0.00035938136638046257,8,0.4641588833612782,poly
229,0.6531531531531531,0.5443222953517071,0.3285714285714286,0.3877477740475843,0.5924788979136806,0.0021544346900318843,8,0.4641588833612782,poly
466,0.6558558558558559,0.5625,0.1335164835164835,0.1992345837856673,0.6602146042363433,2.782559402207126,8,0.0774263682681127,poly
406,0.655855855855856,0.575,0.0895604395604395,0.150609243697479,0.6735467431119604,0.4641588833612782,8,0.0774263682681127,poly
109,0.6587837837837838,0.5926190476190476,0.2543956043956044,0.3324916457811194,0.6476309921962096,5.994842503189409e-05,8,0.4641588833612782,poly
586,0.6587837837837838,0.5926190476190476,0.2543956043956044,0.3324916457811194,0.6476309921962096,100.0,8,0.0774263682681127,poly
49,0.664114114114114,0.5041125541125542,0.217032967032967,0.2935326797385621,0.65279104953018,1e-05,8,0.4641588833612782,poly
526,0.664114114114114,0.5041125541125542,0.217032967032967,0.2935326797385621,0.65279104953018,16.68100537200059,8,0.0774263682681127,poly
497,0.671996996996997,0.5855934343434344,0.3950549450549451,0.4512256728778467,0.6823279980888677,16.68100537200059,1,0.0774263682681127,rbf
527,0.671996996996997,0.5855934343434344,0.3950549450549451,0.4512256728778467,0.6823279980888677,16.68100537200059,8,0.0774263682681127,rbf
374,0.6911411411411412,0.6433333333333333,0.2681318681318682,0.3645689544373754,0.7695214206083771,0.4641588833612782,1,0.01291549665014884,rbf
404,0.6911411411411412,0.6433333333333333,0.2681318681318682,0.3645689544373754,0.7695214206083771,0.4641588833612782,8,0.01291549665014884,rbf
437,0.7017267267267269,0.6403710178710179,0.4703296703296703,0.5266365474723598,0.7144250676859373,2.782559402207126,1,0.0774263682681127,rbf
467,0.7017267267267269,0.6403710178710179,0.4703296703296703,0.5266365474723598,0.7144250676859373,2.782559402207126,8,0.0774263682681127,rbf
545,0.7047297297297297,0.6834415584415584,0.3065934065934066,0.4019598729443931,0.7716157031374423,100.0,1,5.994842503189409e-05,rbf
575,0.7047297297297297,0.6834415584415584,0.3065934065934066,0.4019598729443931,0.7716157031374423,100.0,8,5.994842503189409e-05,rbf
488,0.7074324324324324,0.6929653679653679,0.3065934065934066,0.4040651361022879,0.7713230609969741,16.68100537200059,1,0.00035938136638046257,rbf
518,0.7074324324324324,0.6929653679653679,0.3065934065934066,0.4040651361022879,0.7713230609969741,16.68100537200059,8,0.00035938136638046257,rbf
431,0.7074324324324324,0.7155844155844155,0.2989010989010988,0.3989025974025973,0.773889154323937,2.782559402207126,1,0.0021544346900318843,rbf
461,0.7074324324324324,0.7155844155844155,0.2989010989010988,0.3989025974025973,0.773889154323937,2.782559402207126,8,0.0021544346900318843,rbf
240,0.7101351351351352,0.7566558441558442,0.3362637362637363,0.4409949606636913,0.7716395922917662,0.01291549665014884,1,1e-05,linear
243,0.7101351351351352,0.7566558441558442,0.3362637362637363,0.4409949606636913,0.7716395922917662,0.01291549665014884,1,5.994842503189409e-05,linear
246,0.7101351351351352,0.7566558441558442,0.3362637362637363,0.4409949606636913,0.7716395922917662,0.01291549665014884,1,0.00035938136638046257,linear
249,0.7101351351351352,0.7566558441558442,0.3362637362637363,0.4409949606636913,0.7716395922917662,0.01291549665014884,1,0.0021544346900318843,linear
252,0.7101351351351352,0.7566558441558442,0.3362637362637363,0.4409949606636913,0.7716395922917662,0.01291549665014884,1,0.01291549665014884,linear
255,0.7101351351351352,0.7566558441558442,0.3362637362637363,0.4409949606636913,0.7716395922917662,0.01291549665014884,1,0.0774263682681127,linear
258,0.7101351351351352,0.7566558441558442,0.3362637362637363,0.4409949606636913,0.7716395922917662,0.01291549665014884,1,0.4641588833612782,linear
261,0.7101351351351352,0.7566558441558442,0.3362637362637363,0.4409949606636913,0.7716395922917662,0.01291549665014884,1,2.782559402207126,linear
264,0.7101351351351352,0.7566558441558442,0.3362637362637363,0.4409949606636913,0.7716395922917662,0.01291549665014884,1,16.68100537200059,linear
267,0.7101351351351352,0.7566558441558442,0.3362637362637363,0.4409949606636913,0.7716395922917662,0.01291549665014884,1,100.0,linear
270,0.7101351351351352,0.7566558441558442,0.3362637362637363,0.4409949606636913,0.7716395922917662,0.01291549665014884,8,1e-05,linear
273,0.7101351351351352,0.7566558441558442,0.3362637362637363,0.4409949606636913,0.7716395922917662,0.01291549665014884,8,5.994842503189409e-05,linear
276,0.7101351351351352,0.7566558441558442,0.3362637362637363,0.4409949606636913,0.7716395922917662,0.01291549665014884,8,0.00035938136638046257,linear
279,0.7101351351351352,0.7566558441558442,0.3362637362637363,0.4409949606636913,0.7716395922917662,0.01291549665014884,8,0.0021544346900318843,linear
282,0.7101351351351352,0.7566558441558442,0.3362637362637363,0.4409949606636913,0.7716395922917662,0.01291549665014884,8,0.01291549665014884,linear
285,0.7101351351351352,0.7566558441558442,0.3362637362637363,0.4409949606636913,0.7716395922917662,0.01291549665014884,8,0.0774263682681127,linear
288,0.7101351351351352,0.7566558441558442,0.3362637362637363,0.4409949606636913,0.7716395922917662,0.01291549665014884,8,0.4641588833612782,linear
291,0.7101351351351352,0.7566558441558442,0.3362637362637363,0.4409949606636913,0.7716395922917662,0.01291549665014884,8,2.782559402207126,linear
294,0.7101351351351352,0.7566558441558442,0.3362637362637363,0.4409949606636913,0.7716395922917662,0.01291549665014884,8,16.68100537200059,linear
297,0.7101351351351352,0.7566558441558442,0.3362637362637363,0.4409949606636913,0.7716395922917662,0.01291549665014884,8,100.0,linear
554,0.7154654654654655,0.6574891774891775,0.478021978021978,0.5456216437235927,0.7218545946806817,100.0,1,0.01291549665014884,rbf
584,0.7154654654654655,0.6574891774891775,0.478021978021978,0.5456216437235927,0.7218545946806817,100.0,8,0.01291549665014884,rbf
377,0.7207957957957958,0.6729712281182869,0.4857142857142857,0.5506574077235478,0.7500676859372513,0.4641588833612782,1,0.0774263682681127,rbf
407,0.7207957957957958,0.6729712281182869,0.4857142857142857,0.5506574077235478,0.7500676859372513,0.4641588833612782,8,0.0774263682681127,rbf
565,0.7208708708708709,0.6627919629390219,0.5142857142857142,0.5697314999166332,0.7622113393852524,100.0,1,16.68100537200059,poly
300,0.7234984984984986,0.6578119429590018,0.5142857142857143,0.5677238614833654,0.7733317407230451,0.0774263682681127,1,1e-05,linear
303,0.7234984984984986,0.6578119429590018,0.5142857142857143,0.5677238614833654,0.7733317407230451,0.0774263682681127,1,5.994842503189409e-05,linear
306,0.7234984984984986,0.6578119429590018,0.5142857142857143,0.5677238614833654,0.7733317407230451,0.0774263682681127,1,0.00035938136638046257,linear
309,0.7234984984984986,0.6578119429590018,0.5142857142857143,0.5677238614833654,0.7733317407230451,0.0774263682681127,1,0.0021544346900318843,linear
312,0.7234984984984986,0.6578119429590018,0.5142857142857143,0.5677238614833654,0.7733317407230451,0.0774263682681127,1,0.01291549665014884,linear
315,0.7234984984984986,0.6578119429590018,0.5142857142857143,0.5677238614833654,0.7733317407230451,0.0774263682681127,1,0.0774263682681127,linear
318,0.7234984984984986,0.6578119429590018,0.5142857142857143,0.5677238614833654,0.7733317407230451,0.0774263682681127,1,0.4641588833612782,linear
321,0.7234984984984986,0.6578119429590018,0.5142857142857143,0.5677238614833654,0.7733317407230451,0.0774263682681127,1,2.782559402207126,linear
324,0.7234984984984986,0.6578119429590018,0.5142857142857143,0.5677238614833654,0.7733317407230451,0.0774263682681127,1,16.68100537200059,linear
327,0.7234984984984986,0.6578119429590018,0.5142857142857143,0.5677238614833654,0.7733317407230451,0.0774263682681127,1,100.0,linear
330,0.7234984984984986,0.6578119429590018,0.5142857142857143,0.5677238614833654,0.7733317407230451,0.0774263682681127,8,1e-05,linear
333,0.7234984984984986,0.6578119429590018,0.5142857142857143,0.5677238614833654,0.7733317407230451,0.0774263682681127,8,5.994842503189409e-05,linear
336,0.7234984984984986,0.6578119429590018,0.5142857142857143,0.5677238614833654,0.7733317407230451,0.0774263682681127,8,0.00035938136638046257,linear
339,0.7234984984984986,0.6578119429590018,0.5142857142857143,0.5677238614833654,0.7733317407230451,0.0774263682681127,8,0.0021544346900318843,linear
342,0.7234984984984986,0.6578119429590018,0.5142857142857143,0.5677238614833654,0.7733317407230451,0.0774263682681127,8,0.01291549665014884,linear
345,0.7234984984984986,0.6578119429590018,0.5142857142857143,0.5677238614833654,0.7733317407230451,0.0774263682681127,8,0.0774263682681127,linear
348,0.7234984984984986,0.6578119429590018,0.5142857142857143,0.5677238614833654,0.7733317407230451,0.0774263682681127,8,0.4641588833612782,linear
351,0.7234984984984986,0.6578119429590018,0.5142857142857143,0.5677238614833654,0.7733317407230451,0.0774263682681127,8,2.782559402207126,linear
354,0.7234984984984986,0.6578119429590018,0.5142857142857143,0.5677238614833654,0.7733317407230451,0.0774263682681127,8,16.68100537200059,linear
357,0.7234984984984986,0.6578119429590018,0.5142857142857143,0.5677238614833654,0.7733317407230451,0.0774263682681127,8,100.0,linear
420,0.7235735735735735,0.6673374174844764,0.5142857142857142,0.5717314999166333,0.7634635292243988,2.782559402207126,1,1e-05,linear
423,0.7235735735735735,0.6673374174844764,0.5142857142857142,0.5717314999166333,0.7634635292243988,2.782559402207126,1,5.994842503189409e-05,linear
426,0.7235735735735735,0.6673374174844764,0.5142857142857142,0.5717314999166333,0.7634635292243988,2.782559402207126,1,0.00035938136638046257,linear
429,0.7235735735735735,0.6673374174844764,0.5142857142857142,0.5717314999166333,0.7634635292243988,2.782559402207126,1,0.0021544346900318843,linear
432,0.7235735735735735,0.6673374174844764,0.5142857142857142,0.5717314999166333,0.7634635292243988,2.782559402207126,1,0.01291549665014884,linear
435,0.7235735735735735,0.6673374174844764,0.5142857142857142,0.5717314999166333,0.7634635292243988,2.782559402207126,1,0.0774263682681127,linear
438,0.7235735735735735,0.6673374174844764,0.5142857142857142,0.5717314999166333,0.7634635292243988,2.782559402207126,1,0.4641588833612782,linear
441,0.7235735735735735,0.6673374174844764,0.5142857142857142,0.5717314999166333,0.7634635292243988,2.782559402207126,1,2.782559402207126,linear
444,0.7235735735735735,0.6673374174844764,0.5142857142857142,0.5717314999166333,0.7634635292243988,2.782559402207126,1,16.68100537200059,linear
447,0.7235735735735735,0.6673374174844764,0.5142857142857142,0.5717314999166333,0.7634635292243988,2.782559402207126,1,100.0,linear
450,0.7235735735735735,0.6673374174844764,0.5142857142857142,0.5717314999166333,0.7634635292243988,2.782559402207126,8,1e-05,linear
453,0.7235735735735735,0.6673374174844764,0.5142857142857142,0.5717314999166333,0.7634635292243988,2.782559402207126,8,5.994842503189409e-05,linear
456,0.7235735735735735,0.6673374174844764,0.5142857142857142,0.5717314999166333,0.7634635292243988,2.782559402207126,8,0.00035938136638046257,linear
459,0.7235735735735735,0.6673374174844764,0.5142857142857142,0.5717314999166333,0.7634635292243988,2.782559402207126,8,0.0021544346900318843,linear
462,0.7235735735735735,0.6673374174844764,0.5142857142857142,0.5717314999166333,0.7634635292243988,2.782559402207126,8,0.01291549665014884,linear
465,0.7235735735735735,0.6673374174844764,0.5142857142857142,0.5717314999166333,0.7634635292243988,2.782559402207126,8,0.0774263682681127,linear
468,0.7235735735735735,0.6673374174844764,0.5142857142857142,0.5717314999166333,0.7634635292243988,2.782559402207126,8,0.4641588833612782,linear
471,0.7235735735735735,0.6673374174844764,0.5142857142857142,0.5717314999166333,0.7634635292243988,2.782559402207126,8,2.782559402207126,linear
474,0.7235735735735735,0.6673374174844764,0.5142857142857142,0.5717314999166333,0.7634635292243988,2.782559402207126,8,16.68100537200059,linear
477,0.7235735735735735,0.6673374174844764,0.5142857142857142,0.5717314999166333,0.7634635292243988,2.782559402207126,8,100.0,linear
508,0.7236486486486486,0.6711252962723552,0.5142857142857142,0.5723289025140358,0.7625218983914637,16.68100537200059,1,100.0,poly
556,0.7236486486486486,0.6711252962723552,0.5142857142857142,0.5723289025140358,0.7625318522057652,100.0,1,0.0774263682681127,poly
385,0.7236486486486486,0.6711252962723552,0.5142857142857142,0.5723289025140358,0.7628424112119764,0.4641588833612782,1,16.68100537200059,poly
442,0.7236486486486486,0.6711252962723552,0.5142857142857142,0.5723289025140358,0.7628424112119764,2.782559402207126,1,2.782559402207126,poly
499,0.7236486486486486,0.6711252962723552,0.5142857142857142,0.5723289025140358,0.7628424112119764,16.68100537200059,1,0.4641588833612782,poly
388,0.7236486486486486,0.6711252962723552,0.5142857142857142,0.5723289025140358,0.7631430164038859,0.4641588833612782,1,100.0,poly
445,0.7236486486486486,0.6711252962723552,0.5142857142857142,0.5723289025140358,0.7631430164038859,2.782559402207126,1,16.68100537200059,poly
540,0.7236486486486486,0.6711252962723552,0.5142857142857142,0.5723289025140358,0.7631430164038859,100.0,1,1e-05,linear
543,0.7236486486486486,0.6711252962723552,0.5142857142857142,0.5723289025140358,0.7631430164038859,100.0,1,5.994842503189409e-05,linear
546,0.7236486486486486,0.6711252962723552,0.5142857142857142,0.5723289025140358,0.7631430164038859,100.0,1,0.00035938136638046257,linear
549,0.7236486486486486,0.6711252962723552,0.5142857142857142,0.5723289025140358,0.7631430164038859,100.0,1,0.0021544346900318843,linear
552,0.7236486486486486,0.6711252962723552,0.5142857142857142,0.5723289025140358,0.7631430164038859,100.0,1,0.01291549665014884,linear
555,0.7236486486486486,0.6711252962723552,0.5142857142857142,0.5723289025140358,0.7631430164038859,100.0,1,0.0774263682681127,linear
558,0.7236486486486486,0.6711252962723552,0.5142857142857142,0.5723289025140358,0.7631430164038859,100.0,1,0.4641588833612782,linear
561,0.7236486486486486,0.6711252962723552,0.5142857142857142,0.5723289025140358,0.7631430164038859,100.0,1,2.782559402207126,linear
564,0.7236486486486486,0.6711252962723552,0.5142857142857142,0.5723289025140358,0.7631430164038859,100.0,1,16.68100537200059,linear
567,0.7236486486486486,0.6711252962723552,0.5142857142857142,0.5723289025140358,0.7631430164038859,100.0,1,100.0,linear
570,0.7236486486486486,0.6711252962723552,0.5142857142857142,0.5723289025140358,0.7631430164038859,100.0,8,1e-05,linear
573,0.7236486486486486,0.6711252962723552,0.5142857142857142,0.5723289025140358,0.7631430164038859,100.0,8,5.994842503189409e-05,linear
576,0.7236486486486486,0.6711252962723552,0.5142857142857142,0.5723289025140358,0.7631430164038859,100.0,8,0.00035938136638046257,linear
579,0.7236486486486486,0.6711252962723552,0.5142857142857142,0.5723289025140358,0.7631430164038859,100.0,8,0.0021544346900318843,linear
582,0.7236486486486486,0.6711252962723552,0.5142857142857142,0.5723289025140358,0.7631430164038859,100.0,8,0.01291549665014884,linear
585,0.7236486486486486,0.6711252962723552,0.5142857142857142,0.5723289025140358,0.7631430164038859,100.0,8,0.0774263682681127,linear
588,0.7236486486486486,0.6711252962723552,0.5142857142857142,0.5723289025140358,0.7631430164038859,100.0,8,0.4641588833612782,linear
591,0.7236486486486486,0.6711252962723552,0.5142857142857142,0.5723289025140358,0.7631430164038859,100.0,8,2.782559402207126,linear
594,0.7236486486486486,0.6711252962723552,0.5142857142857142,0.5723289025140358,0.7631430164038859,100.0,8,16.68100537200059,linear
597,0.7236486486486486,0.6711252962723552,0.5142857142857142,0.5723289025140358,0.7631430164038859,100.0,8,100.0,linear
328,0.7236486486486486,0.6711252962723552,0.5142857142857142,0.5723289025140358,0.7631529702181876,0.0774263682681127,1,100.0,poly
505,0.7236486486486486,0.6711252962723552,0.5142857142857142,0.5723289025140358,0.7631529702181876,16.68100537200059,1,16.68100537200059,poly
448,0.7236486486486486,0.6711252962723552,0.5142857142857142,0.5723289025140358,0.7634635292243988,2.782559402207126,1,100.0,poly
480,0.7236486486486486,0.6711252962723552,0.5142857142857142,0.5723289025140358,0.7634635292243988,16.68100537200059,1,1e-05,linear
483,0.7236486486486486,0.6711252962723552,0.5142857142857142,0.5723289025140358,0.7634635292243988,16.68100537200059,1,5.994842503189409e-05,linear
486,0.7236486486486486,0.6711252962723552,0.5142857142857142,0.5723289025140358,0.7634635292243988,16.68100537200059,1,0.00035938136638046257,linear
489,0.7236486486486486,0.6711252962723552,0.5142857142857142,0.5723289025140358,0.7634635292243988,16.68100537200059,1,0.0021544346900318843,linear
492,0.7236486486486486,0.6711252962723552,0.5142857142857142,0.5723289025140358,0.7634635292243988,16.68100537200059,1,0.01291549665014884,linear
495,0.7236486486486486,0.6711252962723552,0.5142857142857142,0.5723289025140358,0.7634635292243988,16.68100537200059,1,0.0774263682681127,linear
498,0.7236486486486486,0.6711252962723552,0.5142857142857142,0.5723289025140358,0.7634635292243988,16.68100537200059,1,0.4641588833612782,linear
501,0.7236486486486486,0.6711252962723552,0.5142857142857142,0.5723289025140358,0.7634635292243988,16.68100537200059,1,2.782559402207126,linear
502,0.7236486486486486,0.6711252962723552,0.5142857142857142,0.5723289025140358,0.7634635292243988,16.68100537200059,1,2.782559402207126,poly
504,0.7236486486486486,0.6711252962723552,0.5142857142857142,0.5723289025140358,0.7634635292243988,16.68100537200059,1,16.68100537200059,linear
507,0.7236486486486486,0.6711252962723552,0.5142857142857142,0.5723289025140358,0.7634635292243988,16.68100537200059,1,100.0,linear
510,0.7236486486486486,0.6711252962723552,0.5142857142857142,0.5723289025140358,0.7634635292243988,16.68100537200059,8,1e-05,linear
513,0.7236486486486486,0.6711252962723552,0.5142857142857142,0.5723289025140358,0.7634635292243988,16.68100537200059,8,5.994842503189409e-05,linear
516,0.7236486486486486,0.6711252962723552,0.5142857142857142,0.5723289025140358,0.7634635292243988,16.68100537200059,8,0.00035938136638046257,linear
519,0.7236486486486486,0.6711252962723552,0.5142857142857142,0.5723289025140358,0.7634635292243988,16.68100537200059,8,0.0021544346900318843,linear
522,0.7236486486486486,0.6711252962723552,0.5142857142857142,0.5723289025140358,0.7634635292243988,16.68100537200059,8,0.01291549665014884,linear
525,0.7236486486486486,0.6711252962723552,0.5142857142857142,0.5723289025140358,0.7634635292243988,16.68100537200059,8,0.0774263682681127,linear
528,0.7236486486486486,0.6711252962723552,0.5142857142857142,0.5723289025140358,0.7634635292243988,16.68100537200059,8,0.4641588833612782,linear
531,0.7236486486486486,0.6711252962723552,0.5142857142857142,0.5723289025140358,0.7634635292243988,16.68100537200059,8,2.782559402207126,linear
534,0.7236486486486486,0.6711252962723552,0.5142857142857142,0.5723289025140358,0.7634635292243988,16.68100537200059,8,16.68100537200059,linear
537,0.7236486486486486,0.6711252962723552,0.5142857142857142,0.5723289025140358,0.7634635292243988,16.68100537200059,8,100.0,linear
559,0.7236486486486486,0.6711252962723552,0.5142857142857142,0.5723289025140358,0.7634635292243988,100.0,1,0.4641588833612782,poly
562,0.7236486486486486,0.6711252962723552,0.5142857142857142,0.5723289025140358,0.7637740882306099,100.0,1,2.782559402207126,poly
548,0.7262012012012012,0.6641472742943331,0.521978021978022,0.5761314188382911,0.7714902850772416,100.0,1,0.00035938136638046257,rbf
578,0.7262012012012012,0.6641472742943331,0.521978021978022,0.5761314188382911,0.7714902850772416,100.0,8,0.00035938136638046257,rbf
325,0.7262762762762763,0.6700646902117491,0.521978021978022,0.5775286013659086,0.7650422041726389,0.0774263682681127,1,16.68100537200059,poly
382,0.7262762762762763,0.6700646902117491,0.521978021978022,0.5775286013659086,0.7650422041726389,0.4641588833612782,1,2.782559402207126,poly
268,0.7262762762762763,0.6700646902117491,0.521978021978022,0.5775286013659086,0.7653766523331741,0.01291549665014884,1,100.0,poly
439,0.7262762762762763,0.6700646902117491,0.521978021978022,0.5775286013659086,0.7653766523331741,2.782559402207126,1,0.4641588833612782,poly
496,0.7262762762762763,0.6700646902117491,0.521978021978022,0.5775286013659086,0.7653766523331741,16.68100537200059,1,0.0774263682681127,poly
553,0.7262762762762763,0.6700646902117491,0.521978021978022,0.5775286013659086,0.7653766523331741,100.0,1,0.01291549665014884,poly
568,0.7290540540540541,0.6783980235450824,0.521978021978022,0.5801260039633112,0.7644051600573339,100.0,1,100.0,poly
208,0.7316066066066066,0.6701893939393939,0.5296703296703297,0.5851270468661772,0.7718107978977544,0.0021544346900318843,1,100.0,poly
265,0.7316066066066066,0.6701893939393939,0.5296703296703297,0.5851270468661772,0.7718107978977544,0.01291549665014884,1,16.68100537200059,poly
322,0.7316066066066066,0.6701893939393939,0.5296703296703297,0.5851270468661772,0.7718107978977544,0.0774263682681127,1,2.782559402207126,poly
379,0.7316066066066066,0.6701893939393939,0.5296703296703297,0.5851270468661772,0.7718107978977544,0.4641588833612782,1,0.4641588833612782,poly
436,0.7316066066066066,0.6701893939393939,0.5296703296703297,0.5851270468661772,0.7718107978977544,2.782559402207126,1,0.0774263682681127,poly
493,0.7316066066066066,0.6701893939393939,0.5296703296703297,0.5851270468661772,0.7718107978977544,16.68100537200059,1,0.01291549665014884,poly
550,0.7316066066066066,0.6701893939393939,0.5296703296703297,0.5851270468661772,0.7718107978977544,100.0,1,0.0021544346900318843,poly
551,0.7344594594594595,0.6745787545787546,0.5384615384615384,0.5921232680363115,0.7777711419015767,100.0,1,0.0021544346900318843,rbf
581,0.7344594594594595,0.6745787545787546,0.5384615384615384,0.5921232680363115,0.7777711419015767,100.0,8,0.0021544346900318843,rbf
360,0.737087087087087,0.6870254745254746,0.5296703296703297,0.5904229283959419,0.7663799968147795,0.4641588833612782,1,1e-05,linear
363,0.737087087087087,0.6870254745254746,0.5296703296703297,0.5904229283959419,0.7663799968147795,0.4641588833612782,1,5.994842503189409e-05,linear
366,0.737087087087087,0.6870254745254746,0.5296703296703297,0.5904229283959419,0.7663799968147795,0.4641588833612782,1,0.00035938136638046257,linear
369,0.737087087087087,0.6870254745254746,0.5296703296703297,0.5904229283959419,0.7663799968147795,0.4641588833612782,1,0.0021544346900318843,linear
372,0.737087087087087,0.6870254745254746,0.5296703296703297,0.5904229283959419,0.7663799968147795,0.4641588833612782,1,0.01291549665014884,linear
375,0.737087087087087,0.6870254745254746,0.5296703296703297,0.5904229283959419,0.7663799968147795,0.4641588833612782,1,0.0774263682681127,linear
378,0.737087087087087,0.6870254745254746,0.5296703296703297,0.5904229283959419,0.7663799968147795,0.4641588833612782,1,0.4641588833612782,linear
381,0.737087087087087,0.6870254745254746,0.5296703296703297,0.5904229283959419,0.7663799968147795,0.4641588833612782,1,2.782559402207126,linear
384,0.737087087087087,0.6870254745254746,0.5296703296703297,0.5904229283959419,0.7663799968147795,0.4641588833612782,1,16.68100537200059,linear
387,0.737087087087087,0.6870254745254746,0.5296703296703297,0.5904229283959419,0.7663799968147795,0.4641588833612782,1,100.0,linear
390,0.737087087087087,0.6870254745254746,0.5296703296703297,0.5904229283959419,0.7663799968147795,0.4641588833612782,8,1e-05,linear
393,0.737087087087087,0.6870254745254746,0.5296703296703297,0.5904229283959419,0.7663799968147795,0.4641588833612782,8,5.994842503189409e-05,linear
396,0.737087087087087,0.6870254745254746,0.5296703296703297,0.5904229283959419,0.7663799968147795,0.4641588833612782,8,0.00035938136638046257,linear
399,0.737087087087087,0.6870254745254746,0.5296703296703297,0.5904229283959419,0.7663799968147795,0.4641588833612782,8,0.0021544346900318843,linear
402,0.737087087087087,0.6870254745254746,0.5296703296703297,0.5904229283959419,0.7663799968147795,0.4641588833612782,8,0.01291549665014884,linear
405,0.737087087087087,0.6870254745254746,0.5296703296703297,0.5904229283959419,0.7663799968147795,0.4641588833612782,8,0.0774263682681127,linear
408,0.737087087087087,0.6870254745254746,0.5296703296703297,0.5904229283959419,0.7663799968147795,0.4641588833612782,8,0.4641588833612782,linear
411,0.737087087087087,0.6870254745254746,0.5296703296703297,0.5904229283959419,0.7663799968147795,0.4641588833612782,8,2.782559402207126,linear
414,0.737087087087087,0.6870254745254746,0.5296703296703297,0.5904229283959419,0.7663799968147795,0.4641588833612782,8,16.68100537200059,linear
417,0.737087087087087,0.6870254745254746,0.5296703296703297,0.5904229283959419,0.7663799968147795,0.4641588833612782,8,100.0,linear
491,0.7370870870870871,0.6855392156862746,0.5296703296703297,0.5902054607384202,0.7711598184424272,16.68100537200059,1,0.0021544346900318843,rbf
521,0.7370870870870871,0.6855392156862746,0.5296703296703297,0.5902054607384202,0.7711598184424272,16.68100537200059,8,0.0021544346900318843,rbf
434,0.7397897897897898,0.6971536796536796,0.5225274725274726,0.5880058347449653,0.7695711896798854,2.782559402207126,1,0.01291549665014884,rbf
464,0.7397897897897898,0.6971536796536796,0.5225274725274726,0.5880058347449653,0.7695711896798854,2.782559402207126,8,0.01291549665014884,rbf
148,0.7451201201201202,0.7054887106357695,0.5296703296703297,0.5985322064564701,0.7712991718426501,0.00035938136638046257,1,100.0,poly
205,0.7451201201201202,0.7054887106357695,0.5296703296703297,0.5985322064564701,0.7712991718426501,0.0021544346900318843,1,16.68100537200059,poly
262,0.7451201201201202,0.7054887106357695,0.5296703296703297,0.5985322064564701,0.7712991718426501,0.01291549665014884,1,2.782559402207126,poly
319,0.7451201201201202,0.7054887106357695,0.5296703296703297,0.5985322064564701,0.7712991718426501,0.0774263682681127,1,0.4641588833612782,poly
433,0.7451201201201202,0.7054887106357695,0.5296703296703297,0.5985322064564701,0.7712991718426501,2.782559402207126,1,0.01291549665014884,poly
490,0.7451201201201202,0.7054887106357695,0.5296703296703297,0.5985322064564701,0.7712991718426501,16.68100537200059,1,0.0021544346900318843,poly
547,0.7451201201201202,0.7054887106357695,0.5296703296703297,0.5985322064564701,0.7712991718426501,100.0,1,0.00035938136638046257,poly
376,0.7451201201201202,0.7054887106357695,0.5296703296703297,0.5985322064564701,0.7716097308488614,0.4641588833612782,1,0.0774263682681127,poly
494,0.7506756756756757,0.7034180035650625,0.5527472527472528,0.6134249224361428,0.7670269947443861,16.68100537200059,1,0.01291549665014884,rbf
524,0.7506756756756757,0.7034180035650625,0.5527472527472528,0.6134249224361428,0.7670269947443861,16.68100537200059,8,0.01291549665014884,rbf
